id,predicted_articleType
52003,Tshirts
52007,Dresses
52017,Tshirts
52021,Bra
52023,Tshirts
52026,Backpacks
52027,Shirts
52028,Rucksacks
52029,Sweatshirts
52030,Sweatshirts
52031,Jackets
52032,Sweatshirts
52034,Jackets
52042,Jackets
52043,Jackets
52044,Shirts
52045,Shirts
52049,Tshirts
52050,Tshirts
52051,Tshirts
52052,Tshirts
52053,Tshirts
52054,Tshirts
52055,Tshirts
52056,Tshirts
52057,Tshirts
52058,Tshirts
52059,Tshirts
52060,Tshirts
52061,Tshirts
52062,Tshirts
52063,Tshirts
52064,Tshirts
52065,Tshirts
52066,Tshirts
52067,Tshirts
52068,Tshirts
52069,Tshirts
52070,Tshirts
52071,Tshirts
52072,Tshirts
52073,Tshirts
52074,Tshirts
52075,Tshirts
52076,Tshirts
52077,Tshirts
52078,Tshirts
52079,Tshirts
52080,Tshirts
52081,Tshirts
52082,Tshirts
52083,Tshirts
52084,Tops
52085,Tops
52086,Tshirts
52087,Tops
52088,Tops
52089,Tshirts
52090,Tshirts
52091,Tops
52092,Tshirts
52093,Tops
52094,Tops
52095,Tops
52096,Tops
52097,Tops
52098,Tops
52099,Shirts
52100,Kurtas
52101,Kurtas
52102,Kurtas
52103,Tops
52104,Kurtas
52105,Kurtas
52106,Dresses
52107,Kurtas
52108,Kurtas
52109,Kurtas
52110,Kurtas
52111,Dresses
52112,Dresses
52113,Kurtas
52114,Dresses
52115,Tshirts
52116,Dresses
52117,Dresses
52118,Dresses
52119,Dresses
52120,Tshirts
52121,Tshirts
52122,Tshirts
52123,Tshirts
52124,Tshirts
52125,Dresses
52126,Tshirts
52127,Tshirts
52128,Nail Polish
52129,Tops
52130,Backpacks
52131,Backpacks
52132,Tshirts
52133,Jeans
52134,Stockings
52135,Tops
52136,Tshirts
52137,Tshirts
52138,Tshirts
52139,Tshirts
52140,Tshirts
52141,Tshirts
52142,Tshirts
52143,Tshirts
52144,Tshirts
52145,Tshirts
52146,Tshirts
52147,Tshirts
52148,Tshirts
52149,Tshirts
52150,Tshirts
52151,Tshirts
52153,Shirts
52154,Tops
52155,Tshirts
52156,Dresses
52157,Dresses
52158,Shirts
52159,Tops
52160,Dresses
52161,Tops
52162,Tshirts
52163,Tshirts
52164,Innerwear Vests
52165,Shirts
52166,Sports Shoes
52168,Perfume and Body Mist
52169,Necklace and Chains
52172,Sports Shoes
52173,Sports Shoes
52176,Necklace and Chains
52177,Sports Shoes
52178,Casual Shoes
52179,Necklace and Chains
52180,Ring
52181,Earrings
52182,Necklace and Chains
52183,Earrings
52185,Necklace and Chains
52186,Necklace and Chains
52187,Perfume and Body Mist
52190,Sports Shoes
52191,Sports Shoes
52193,Shirts
52195,Handbags
52198,Ring
52200,Shirts
52202,Necklace and Chains
52204,Necklace and Chains
52205,Shirts
52209,Necklace and Chains
52210,Necklace and Chains
52211,Necklace and Chains
52214,Necklace and Chains
52220,Necklace and Chains
52221,Shirts
52222,Gloves
52223,Watches
52224,Shirts
52225,Watches
52228,Sports Shoes
52230,Watches
52235,Lounge Pants
52254,Briefs
52255,Briefs
52256,Boxers
52257,Briefs
52299,Shorts
52303,Pendant
52304,Bra
52305,Necklace and Chains
52306,Necklace and Chains
52307,Kajal and Eyeliner
52308,Necklace and Chains
52309,Necklace and Chains
52310,Kajal and Eyeliner
52311,Necklace and Chains
52312,Necklace and Chains
52313,Belts
52314,Flip Flops
52315,Belts
52316,Basketballs
52317,Wallets
52318,Belts
52320,Belts
52322,Belts
52323,Wallets
52324,Accessory Gift Set
52325,Wallets
52326,Wallets
52327,Wallets
52328,Flip Flops
52329,Tshirts
52330,Wallets
52331,Wallets
52332,Wallets
52333,Clutches
52334,Shoe Accessories
52335,Wallets
52336,Clutches
52337,Clutches
52338,Clutches
52339,Wallets
52340,Tshirts
52341,Dresses
52342,Dresses
52343,Dresses
52344,Tops
52345,Dresses
52346,Tops
52347,Tops
52348,Tops
52349,Dresses
52350,Dresses
52351,Tops
52352,Dresses
52353,Dresses
52354,Kurta Sets
52355,Dresses
52356,Dresses
52357,Tshirts
52358,Dresses
52359,Tshirts
52360,Dresses
52361,Dresses
52362,Dresses
52363,Tops
52364,Kurtas
52366,Dresses
52367,Dresses
52368,Dresses
52369,Dresses
52370,Tops
52371,Dresses
52372,Tops
52373,Dresses
52374,Tops
52375,Tops
52376,Tops
52377,Dresses
52378,Dresses
52379,Dresses
52380,Dresses
52381,Kurta Sets
52382,Kurta Sets
52383,Dresses
52384,Kurta Sets
52385,Dresses
52386,Tops
52387,Dresses
52390,Dresses
52391,Dresses
52392,Dresses
52393,Dresses
52394,Dresses
52395,Dresses
52396,Dresses
52397,Dresses
52398,Dresses
52399,Tops
52400,Tops
52401,Tops
52402,Dresses
52403,Dresses
52404,Dresses
52405,Dresses
52406,Dresses
52407,Dresses
52408,Dresses
52409,Dresses
52410,Dresses
52411,Dresses
52412,Dresses
52413,Dresses
52414,Dresses
52415,Dresses
52416,Dresses
52417,Tops
52418,Dresses
52419,Dresses
52420,Dresses
52421,Dresses
52422,Dresses
52423,Dresses
52424,Dresses
52425,Dresses
52426,Dresses
52427,Dresses
52428,Dresses
52429,Dresses
52430,Dresses
52431,Dresses
52432,Dresses
52434,Dresses
52435,Dresses
52436,Dresses
52437,Tops
52438,Dresses
52439,Tops
52440,Dresses
52441,Tops
52442,Dresses
52443,Dresses
52444,Dresses
52445,Dresses
52446,Tops
52447,Nightdress
52448,Dupatta
52449,Dresses
52450,Tops
52451,Dresses
52452,Dresses
52453,Dresses
52454,Dresses
52455,Dresses
52456,Dresses
52457,Tops
52458,Dresses
52459,Dresses
52460,Dresses
52461,Dresses
52462,Dresses
52463,Kurta Sets
52464,Dresses
52465,Bra
52466,Bra
52467,Tshirts
52468,Tshirts
52469,Tshirts
52470,Tshirts
52472,Dresses
52473,Dresses
52474,Shirts
52475,Dresses
52476,Shirts
52477,Tshirts
52478,Dresses
52479,Dresses
52480,Tops
52481,Dresses
52482,Tops
52483,Bra
52484,Bra
52485,Bra
52486,Bra
52487,Bra
52488,Bra
52489,Bra
52490,Bra
52491,Tshirts
52492,Innerwear Vests
52493,Tshirts
52494,Shirts
52495,Dresses
52496,Tops
52497,Tshirts
52498,Nightdress
52499,Night suits
52500,Dresses
52501,Dresses
52502,Dresses
52503,Dresses
52504,Kurtas
52505,Dresses
52506,Dresses
52507,Dresses
52508,Night suits
52509,Tops
52510,Tops
52511,Dresses
52512,Kurtas
52513,Nightdress
52514,Bra
52515,Bra
52516,Bra
52517,Tops
52518,Night suits
52519,Dresses
52520,Shorts
52522,Jeans
52523,Jeans
52524,Leggings
52525,Jeggings
52528,Lounge Shorts
52529,Lounge Pants
52536,Jeans
52539,Jeans
52547,Jeans
52548,Jeans
52553,Leggings
52554,Jeans
52555,Jeans
52556,Jeans
52557,Jeans
52558,Wallets
52559,Wallets
52560,Wallets
52561,Wallets
52563,Wallets
52564,Handbags
52565,Handbags
52568,Handbags
52569,Handbags
52570,Clutches
52574,Clutches
52575,Clutches
52576,Sports Shoes
52577,Duffel Bag
52579,Handbags
52581,Heels
52582,Handbags
52585,Wallets
52586,Duffel Bag
52588,Messenger Bag
52589,Handbags
52593,Bangle
52594,Handbags
52599,Wallets
52602,Messenger Bag
52603,Duffel Bag
52604,Messenger Bag
52609,Handbags
52616,Handbags
52618,Handbags
52622,Handbags
52623,Handbags
52626,Handbags
52632,Handbags
52633,Handbags
52634,Handbags
52635,Handbags
52636,Duffel Bag
52637,Handbags
52638,Handbags
52639,Handbags
52641,Handbags
52642,Handbags
52643,Handbags
52647,Handbags
52648,Duffel Bag
52649,Handbags
52650,Handbags
52651,Handbags
52652,Handbags
52653,Handbags
52654,Handbags
52655,Handbags
52656,Handbags
52657,Sports Shoes
52658,Handbags
52659,Sports Shoes
52660,Handbags
52661,Handbags
52665,Watches
52670,Watches
52671,Watches
52673,Watches
52675,Watches
52676,Watches
52677,Watches
52678,Backpacks
52679,Tshirts
52680,Watches
52681,Watches
52682,Watches
52683,Watches
52684,Watches
52686,Watches
52687,Watches
52688,Watches
52690,Watches
52691,Socks
52692,Watches
52693,Watches
52694,Socks
52695,Tshirts
52749,Deodorant
52751,Deodorant
52754,Handbags
52756,Handbags
52758,Duffel Bag
52759,Handbags
52766,Handbags
52767,Handbags
52768,Handbags
52772,Wallets
52773,Wallets
52774,Wallets
52775,Wallets
52776,Wallets
52777,Wallets
52778,Wallets
52779,Tshirts
52780,Wallets
52781,Wallets
52782,Wallets
52784,Wallets
52785,Wallets
52786,Wallets
52789,Wallets
52791,Wallets
52792,Wallets
52793,Wallets
52794,Wallets
52795,Wallets
52796,Wallets
52797,Wallets
52798,Wallets
52799,Wallets
52800,Wallets
52801,Wallets
52802,Wallets
52803,Wallets
52804,Wallets
52805,Wallets
52806,Wallets
52807,Wallets
52808,Wallets
52809,Wallets
52810,Wallets
52811,Wallets
52812,Wallets
52813,Wallets
52814,Wallets
52816,Watches
52817,Earrings
52818,Earrings
52819,Earrings
52820,Bangle
52822,Necklace and Chains
52823,Earrings
52825,Earrings
52827,Tshirts
52828,Earrings
52831,Earrings
52834,Earrings
52835,Earrings
52836,Necklace and Chains
52837,Earrings
52839,Earrings
52840,Earrings
52841,Earrings
52842,Earrings
52846,Earrings
52847,Handbags
52848,Bracelet
52850,Earrings
52851,Earrings
52852,Earrings
52854,Handbags
52855,Handbags
52859,Earrings
52860,Bangle
52862,Earrings
52863,Earrings
52864,Earrings
52868,Earrings
52869,Handbags
52871,Fragrance Gift Set
52874,Kurta Sets
52875,Sarees
52876,Kurta Sets
52877,Sarees
52878,Sarees
52879,Sarees
52880,Sarees
52881,Sarees
52882,Dresses
52883,Kurtas
52884,Sarees
52885,Sarees
52886,Sarees
52887,Sarees
52888,Sarees
52889,Sarees
52890,Sarees
52891,Sarees
52892,Sarees
52893,Sarees
52894,Sarees
52895,Sarees
52896,Dresses
52897,Dresses
52898,Dresses
52899,Sarees
52901,Sarees
52902,Sarees
52903,Sarees
52904,Sarees
52905,Sarees
52906,Sarees
52907,Sarees
52908,Sarees
52909,Sarees
52910,Dresses
52911,Sarees
52912,Sarees
52913,Sarees
52914,Sarees
52915,Dresses
52916,Sarees
52917,Sarees
52918,Sarees
52919,Sarees
52920,Sarees
52921,Sarees
52922,Sarees
52923,Dresses
52924,Dresses
52925,Dresses
52926,Kurtas
52927,Dresses
52928,Dresses
52929,Sarees
52930,Dresses
52931,Sarees
52934,Nightdress
52935,Dresses
52936,Sarees
52937,Dresses
52938,Night suits
52940,Watches
52941,Backpacks
52942,Sarees
52943,Sarees
52944,Sarees
52945,Sarees
52946,Sarees
52947,Kurta Sets
52948,Kurta Sets
52949,Dresses
52950,Sarees
52951,Sarees
52952,Kurta Sets
52953,Kurta Sets
52954,Sarees
52955,Kurta Sets
52956,Kurta Sets
52957,Backpacks
52958,Dresses
52959,Sarees
52960,Sarees
52961,Sarees
52962,Sarees
52963,Sarees
52964,Sarees
52965,Sarees
52966,Kurta Sets
52967,Kurta Sets
52968,Kurta Sets
52969,Sarees
52970,Kurta Sets
52971,Sarees
52972,Kurta Sets
52973,Sarees
52975,Sarees
52976,Sarees
52978,Sarees
52979,Sarees
52980,Kurta Sets
52981,Sarees
52982,Sarees
52983,Sarees
52986,Kurta Sets
52987,Kurta Sets
52988,Kurta Sets
52989,Sarees
52990,Sarees
52991,Sarees
52992,Kurta Sets
52993,Sarees
52996,Kurta Sets
52998,Sarees
52999,Sarees
53000,Dresses
53001,Dresses
53002,Sarees
53003,Sarees
53004,Rucksacks
53006,Rucksacks
53007,Backpacks
53008,Sarees
53009,Kurta Sets
53010,Rucksacks
53011,Kurta Sets
53013,Kurta Sets
53014,Sarees
53015,Sarees
53016,Kurta Sets
53017,Sarees
53019,Sarees
53020,Sarees
53021,Sarees
53023,Sarees
53024,Kurta Sets
53025,Sarees
53026,Sarees
53027,Sarees
53029,Sarees
53030,Dresses
53031,Sarees
53032,Kurta Sets
53033,Kurta Sets
53034,Sarees
53035,Kurta Sets
53036,Sarees
53037,Sarees
53038,Sarees
53039,Dresses
53040,Sarees
53041,Sarees
53042,Sarees
53043,Sarees
53044,Sarees
53045,Sarees
53046,Sarees
53047,Sarees
53048,Kurta Sets
53049,Sarees
53050,Kurta Sets
53051,Sarees
53052,Sarees
53053,Sarees
53054,Sarees
53055,Sarees
53056,Sarees
53057,Kurta Sets
53058,Handbags
53059,Handbags
53060,Handbags
53061,Handbags
53062,Handbags
53063,Handbags
53064,Handbags
53065,Handbags
53066,Handbags
53067,Handbags
53068,Handbags
53069,Handbags
53070,Handbags
53071,Clutches
53072,Clutches
53073,Clutches
53075,Handbags
53076,Handbags
53077,Duffel Bag
53078,Sports Shoes
53079,Sports Shoes
53080,Wallets
53081,Handbags
53082,Bra
53083,Handbags
53084,Mobile Pouch
53085,Handbags
53086,Handbags
53087,Handbags
53088,Earrings
53089,Ring
53090,Perfume and Body Mist
53091,Necklace and Chains
53092,Earrings
53093,Necklace and Chains
53094,Earrings
53095,Earrings
53096,Earrings
53097,Earrings
53098,Earrings
53099,Earrings
53100,Earrings
53101,Necklace and Chains
53102,Ring
53103,Ring
53104,Earrings
53105,Ring
53106,Ring
53107,Earrings
53108,Earrings
53109,Earrings
53110,Ring
53111,Tshirts
53112,Tshirts
53113,Tshirts
53114,Tshirts
53115,Tshirts
53116,Tshirts
53117,Tshirts
53118,Tops
53119,Tops
53120,Tshirts
53121,Tops
53122,Tshirts
53123,Tops
53124,Tops
53125,Tops
53126,Tops
53127,Sports Shoes
53128,Heels
53129,Heels
53130,Flip Flops
53131,Flip Flops
53132,Flip Flops
53133,Heels
53134,Flip Flops
53135,Bangle
53136,Heels
53137,Flip Flops
53138,Flip Flops
53139,Heels
53140,Heels
53141,Flip Flops
53142,Heels
53143,Heels
53144,Flip Flops
53145,Flip Flops
53146,Heels
53147,Heels
53148,Heels
53149,Heels
53150,Heels
53152,Shirts
53159,Shirts
53211,Shirts
53215,Shirts
53226,Shirts
53228,Trousers
53248,Trousers
53252,Jeans
53264,Tshirts
53269,Tshirts
53278,Tshirts
53282,Tshirts
53286,Jeans
53287,Jeans
53296,Jeans
53303,Tshirts
53307,Tshirts
53312,Tshirts
53313,Tshirts
53314,Tshirts
53318,Tshirts
53319,Tshirts
53328,Boxers
53329,Boxers
53332,Boxers
53338,Boxers
53345,Boxers
53348,Boxers
53357,Tshirts
53358,Belts
53360,Wallets
53361,Backpacks
53362,Backpacks
53363,Duffel Bag
53364,Backpacks
53365,Backpacks
53366,Backpacks
53367,Backpacks
53368,Backpacks
53369,Handbags
53370,Handbags
53371,Backpacks
53372,Backpacks
53373,Backpacks
53374,Wallets
53376,Sports Shoes
53377,Handbags
53378,Flip Flops
53379,Sports Sandals
53380,Sandals
53381,Sports Sandals
53382,Sports Sandals
53383,Sports Sandals
53384,Casual Shoes
53386,Casual Shoes
53387,Casual Shoes
53388,Dresses
53389,Kurtas
53390,Kurtas
53391,Dresses
53392,Tops
53393,Kurtas
53394,Kurtas
53395,Shirts
53396,Kurtas
53397,Kurtas
53398,Kurtas
53399,Kurtas
53401,Kurtas
53402,Tshirts
53403,Kurtas
53404,Kurtas
53405,Kurtas
53406,Kurtas
53408,Kurtas
53409,Kurtas
53410,Kurtas
53411,Dupatta
53412,Tshirts
53413,Dupatta
53414,Dupatta
53415,Kurtas
53416,Kurtas
53417,Kurtas
53418,Kurtas
53419,Tshirts
53420,Kurtas
53421,Kurtas
53422,Kurtas
53423,Kurtas
53424,Kurtas
53425,Kurtas
53426,Kurtas
53427,Kurtas
53428,Kurtas
53429,Kurtas
53430,Kurtas
53431,Kurtas
53432,Tshirts
53433,Tshirts
53434,Tshirts
53435,Sweaters
53436,Sports Shoes
53437,Sports Shoes
53438,Sports Shoes
53439,Flip Flops
53440,Sports Shoes
53441,Sports Shoes
53442,Flip Flops
53444,Flip Flops
53445,Flip Flops
53446,Flip Flops
53447,Flip Flops
53448,Flip Flops
53449,Flip Flops
53450,Flip Flops
53452,Heels
53453,Heels
53454,Heels
53455,Flip Flops
53456,Sports Sandals
53457,Heels
53458,Heels
53459,Heels
53460,Heels
53461,Bra
53462,Bra
53463,Bra
53464,Bra
53465,Bra
53466,Bra
53467,Bra
53468,Bra
53469,Briefs
53470,Bra
53473,Bra
53474,Bra
53475,Bra
53476,Bra
53477,Bra
53478,Bra
53479,Bra
53480,Bra
53484,Tshirts
53485,Tshirts
53486,Tshirts
53487,Bra
53488,Tshirts
53489,Tshirts
53490,Bra
53491,Bra
53492,Bra
53493,Bra
53498,Bra
53506,Bra
53507,Bra
53508,Bra
53520,Bra
53525,Bra
53526,Briefs
53527,Briefs
53528,Briefs
53529,Briefs
53530,Briefs
53531,Briefs
53532,Briefs
53533,Briefs
53534,Briefs
53535,Briefs
53536,Boxers
53537,Briefs
53538,Briefs
53539,Briefs
53540,Briefs
53541,Shoe Accessories
53542,Briefs
53543,Briefs
53545,Briefs
53546,Briefs
53547,Briefs
53548,Briefs
53554,Boxers
53555,Boxers
53556,Boxers
53557,Boxers
53558,Boxers
53559,Boxers
53560,Watches
53561,Tshirts
53562,Watches
53563,Tshirts
53564,Watches
53565,Watches
53566,Deodorant
53567,Deodorant
53568,Perfume and Body Mist
53569,Socks
53570,Watches
53571,Perfume and Body Mist
53572,Perfume and Body Mist
53573,Socks
53574,Deodorant
53575,Deodorant
53576,Perfume and Body Mist
53577,Perfume and Body Mist
53578,Perfume and Body Mist
53579,Socks
53580,Socks
53581,Socks
53582,Perfume and Body Mist
53583,Watches
53584,Watches
53585,Watches
53586,Watches
53587,Watches
53588,Watches
53589,Watches
53590,Watches
53591,Watches
53592,Watches
53593,Watches
53594,Watches
53595,Watches
53596,Watches
53597,Watches
53598,Watches
53599,Watches
53600,Watches
53601,Watches
53602,Watches
53603,Watches
53604,Watches
53605,Watches
53606,Watches
53608,Watches
53609,Watches
53611,Watches
53612,Watches
53613,Watches
53614,Watches
53615,Watches
53616,Watches
53617,Socks
53618,Socks
53619,Watches
53620,Watches
53621,Socks
53622,Watches
53623,Watches
53624,Watches
53625,Shirts
53626,Socks
53627,Watches
53628,Watches
53629,Watches
53630,Tshirts
53631,Bra
53632,Sandals
53633,Casual Shoes
53634,Casual Shoes
53635,Sports Shoes
53636,Sports Shoes
53637,Sports Shoes
53638,Sports Shoes
53639,Sports Shoes
53640,Casual Shoes
53648,Handbags
53649,Handbags
53651,Handbags
53652,Handbags
53653,Handbags
53654,Handbags
53655,Handbags
53656,Handbags
53657,Handbags
53659,Handbags
53660,Handbags
53661,Handbags
53663,Handbags
53665,Handbags
53666,Handbags
53667,Handbags
53668,Handbags
53669,Handbags
53670,Handbags
53671,Handbags
53672,Handbags
53673,Handbags
53674,Handbags
53675,Handbags
53676,Duffel Bag
53677,Handbags
53678,Handbags
53679,Handbags
53680,Handbags
53681,Duffel Bag
53682,Handbags
53683,Handbags
53684,Duffel Bag
53685,Handbags
53686,Handbags
53687,Handbags
53688,Handbags
53689,Duffel Bag
53692,Handbags
53695,Bra
53696,Handbags
53698,Handbags
53702,Handbags
53706,Handbags
53708,Handbags
53710,Handbags
53715,Handbags
53719,Handbags
53720,Handbags
53723,Flip Flops
53724,Flip Flops
53725,Flip Flops
53726,Flip Flops
53727,Flip Flops
53729,Sports Sandals
53731,Sports Sandals
53732,Sports Shoes
53734,Sports Shoes
53735,Casual Shoes
53737,Lounge Shorts
53738,Capris
53740,Jeans
53741,Lounge Pants
53742,Lounge Pants
53743,Track Pants
53744,Lounge Shorts
53745,Lounge Pants
53747,Lounge Pants
53748,Jeans
53749,Lounge Pants
53750,Track Pants
53751,Lounge Pants
53752,Shorts
53753,Shorts
53754,Blazers
53755,Shorts
53756,Backpacks
53757,Sports Shoes
53759,Shirts
53760,Tshirts
53761,Tshirts
53762,Tshirts
53763,Tshirts
53764,Tshirts
53765,Tshirts
53766,Tshirts
53767,Tshirts
53768,Tshirts
53770,Tshirts
53771,Tshirts
53772,Tshirts
53773,Tshirts
53774,Tshirts
53775,Tshirts
53776,Lounge Shorts
53777,Sports Shoes
53778,Tshirts
53779,Tops
53780,Innerwear Vests
53781,Tshirts
53782,Tshirts
53783,Shirts
53784,Shirts
53785,Shirts
53786,Tshirts
53787,Tshirts
53788,Tshirts
53791,Tshirts
53793,Tshirts
53794,Tshirts
53795,Tshirts
53796,Tshirts
53797,Tshirts
53798,Blazers
53799,Tshirts
53800,Tshirts
53801,Tshirts
53802,Tshirts
53803,Tshirts
53804,Tshirts
53805,Socks
53806,Socks
53807,Shorts
53808,Kurtas
53809,Dresses
53810,Kurtas
53811,Kurtas
53812,Dupatta
53813,Tops
53814,Kurta Sets
53815,Kurtas
53816,Shirts
53817,Kurta Sets
53818,Kurtas
53819,Shirts
53820,Shirts
53822,Sweaters
53823,Kurtas
53824,Tops
53825,Kurta Sets
53826,Kurtas
53829,Kurtas
53830,Kurtas
53832,Tops
53833,Kurtas
53834,Kurtas
53835,Tops
53836,Kurtas
53837,Dresses
53838,Kurtas
53839,Kurtas
53840,Kurtas
53841,Kurtas
53842,Dresses
53843,Dresses
53849,Kurtas
53850,Kurtas
53851,Kurtas
53852,Dresses
53856,Kurtas
53857,Dresses
53859,Dresses
53861,Kurtas
53863,Kurtas
53864,Kurtas
53866,Kurtas
53867,Heels
53868,Heels
53869,Flip Flops
53870,Heels
53871,Watches
53872,Sports Shoes
53873,Sports Shoes
53874,Sports Shoes
53875,Flip Flops
53876,Flip Flops
53877,Flip Flops
53878,Flip Flops
53879,Flip Flops
53880,Flip Flops
53881,Flip Flops
53882,Flip Flops
53883,Flip Flops
53884,Handbags
53886,Handbags
53887,Handbags
53888,Handbags
53889,Handbags
53890,Handbags
53891,Handbags
53892,Wallets
53893,Handbags
53894,Handbags
53895,Handbags
53896,Handbags
53897,Handbags
53900,Handbags
53902,Handbags
53905,Handbags
53907,Handbags
53911,Handbags
53914,Sports Shoes
53918,Handbags
53921,Handbags
53927,Handbags
53928,Handbags
53930,Handbags
53931,Handbags
53934,Handbags
53935,Handbags
53941,Duffel Bag
53942,Handbags
53943,Handbags
53944,Handbags
53946,Handbags
53961,Handbags
53963,Handbags
53964,Handbags
53979,Handbags
53981,Handbags
53985,Handbags
53990,Handbags
53991,Handbags
53994,Handbags
53997,Handbags
53999,Handbags
54000,Handbags
54002,Handbags
54003,Handbags
54007,Handbags
54008,Handbags
54009,Handbags
54014,Handbags
54016,Handbags
54017,Messenger Bag
54018,Handbags
54019,Handbags
54020,Messenger Bag
54031,Wallets
54032,Mobile Pouch
54033,Handbags
54035,Handbags
54036,Handbags
54040,Backpacks
54041,Handbags
54049,Jeans
54050,Jeans
54051,Lounge Pants
54052,Patiala
54053,Leggings
54054,Leggings
54055,Leggings
54056,Leggings
54057,Patiala
54058,Lounge Pants
54059,Leggings
54060,Lounge Pants
54061,Deodorant
54062,Deodorant
54063,Deodorant
54064,Deodorant
54065,Casual Shoes
54066,Casual Shoes
54068,Sports Shoes
54069,Flip Flops
54070,Sports Shoes
54071,Sports Shoes
54072,Sports Shoes
54073,Sports Shoes
54076,Casual Shoes
54077,Flip Flops
54078,Sports Shoes
54079,Shirts
54080,Kurtis
54081,Kurtas
54082,Shirts
54083,Kurtis
54084,Tshirts
54086,Tshirts
54087,Tops
54088,Tops
54089,Tshirts
54090,Shirts
54095,Caps
54103,Bangle
54104,Heels
54105,Bracelet
54106,Flip Flops
54107,Heels
54108,Heels
54109,Bracelet
54110,Flip Flops
54111,Heels
54112,Heels
54113,Heels
54114,Flip Flops
54115,Heels
54116,Flip Flops
54117,Flip Flops
54118,Flip Flops
54119,Heels
54120,Flip Flops
54121,Flip Flops
54122,Flip Flops
54123,Heels
54124,Flip Flops
54125,Heels
54126,Heels
54127,Heels
54128,Heels
54129,Flip Flops
54130,Heels
54131,Heels
54132,Flip Flops
54133,Heels
54134,Heels
54135,Flip Flops
54136,Flip Flops
54137,Heels
54138,Heels
54139,Heels
54140,Heels
54141,Heels
54142,Heels
54143,Heels
54144,Heels
54145,Sandals
54146,Dresses
54147,Necklace and Chains
54148,Handbags
54149,Necklace and Chains
54150,Necklace and Chains
54151,Necklace and Chains
54152,Jewellery Set
54153,Necklace and Chains
54154,Necklace and Chains
54155,Necklace and Chains
54156,Jewellery Set
54157,Necklace and Chains
54158,Necklace and Chains
54159,Necklace and Chains
54160,Necklace and Chains
54161,Perfume and Body Mist
54162,Necklace and Chains
54163,Necklace and Chains
54164,Necklace and Chains
54165,Necklace and Chains
54166,Necklace and Chains
54167,Necklace and Chains
54168,Necklace and Chains
54169,Necklace and Chains
54170,Necklace and Chains
54171,Pendant
54172,Necklace and Chains
54173,Necklace and Chains
54174,Necklace and Chains
54175,Necklace and Chains
54176,Necklace and Chains
54177,Tshirts
54178,Handbags
54182,Handbags
54183,Handbags
54185,Backpacks
54186,Briefs
54187,Briefs
54188,Briefs
54189,Briefs
54192,Trousers
54194,Lounge Pants
54200,Shorts
54202,Shirts
54225,Trousers
54226,Lounge Pants
54228,Flip Flops
54229,Handbags
54252,Shirts
54280,Shirts
54302,Bra
54303,Briefs
54304,Briefs
54305,Bra
54306,Briefs
54307,Briefs
54311,Briefs
54318,Bra
54319,Briefs
54320,Briefs
54325,Bra
54326,Briefs
54327,Bra
54328,Briefs
54329,Briefs
54330,Briefs
54332,Briefs
54334,Jeans
54338,Tops
54339,Socks
54340,Socks
54341,Socks
54342,Leggings
54343,Formal Shoes
54344,Socks
54345,Socks
54346,Socks
54375,Earrings
54380,Handbags
54381,Wallets
54382,Handbags
54383,Wallets
54384,Handbags
54385,Duffel Bag
54386,Duffel Bag
54387,Handbags
54388,Handbags
54389,Wallets
54390,Wallets
54391,Handbags
54392,Handbags
54393,Handbags
54394,Handbags
54395,Wallets
54396,Wallets
54397,Handbags
54398,Handbags
54399,Wallets
54400,Wallets
54401,Wallets
54402,Wallets
54403,Wallets
54404,Wallets
54405,Wallets
54406,Handbags
54407,Handbags
54408,Tshirts
54409,Caps
54410,Wallets
54411,Wallets
54412,Wallets
54475,Handbags
54476,Handbags
54477,Briefs
54478,Briefs
54479,Briefs
54480,Briefs
54481,Briefs
54482,Briefs
54483,Briefs
54484,Briefs
54485,Briefs
54486,Briefs
54487,Handbags
54488,Duffel Bag
54489,Duffel Bag
54490,Messenger Bag
54491,Handbags
54492,Handbags
54493,Handbags
54494,Handbags
54495,Handbags
54496,Handbags
54497,Duffel Bag
54498,Handbags
54499,Handbags
54500,Messenger Bag
54501,Handbags
54502,Handbags
54503,Backpacks
54504,Handbags
54505,Handbags
54506,Handbags
54507,Handbags
54508,Handbags
54509,Handbags
54510,Handbags
54511,Messenger Bag
54512,Handbags
54513,Sports Shoes
54514,Sports Shoes
54515,Sports Shoes
54516,Sports Shoes
54517,Travel Accessory
54518,Sports Shoes
54519,Casual Shoes
54520,Casual Shoes
54521,Sports Shoes
54522,Sports Shoes
54523,Sports Shoes
54524,Sports Shoes
54525,Sports Shoes
54526,Sports Shoes
54527,Sports Shoes
54528,Casual Shoes
54529,Sports Shoes
54530,Sports Shoes
54533,Sports Shoes
54534,Sports Shoes
54535,Sports Shoes
54536,Sports Shoes
54537,Sports Shoes
54538,Sports Shoes
54539,Sports Shoes
54540,Sports Shoes
54541,Sports Shoes
54542,Sports Shoes
54543,Sports Shoes
54544,Sports Shoes
54545,Handbags
54546,Backpacks
54547,Dresses
54548,Kurtas
54549,Dresses
54550,Kurtas
54551,Kurtis
54553,Kurtas
54554,Dresses
54555,Dupatta
54556,Kurtas
54557,Dresses
54558,Kurtas
54559,Kurtas
54561,Kurtas
54562,Kurtas
54563,Kurtas
54564,Kurtas
54565,Kurtas
54566,Kurtas
54567,Kurtas
54568,Kurtas
54569,Kurtas
54570,Kurtas
54571,Kurtas
54572,Kurtas
54573,Tops
54574,Tops
54575,Tops
54576,Kurtas
54577,Kurtas
54578,Kurtas
54579,Kurtas
54580,Tunics
54581,Kurtas
54582,Kurtas
54584,Kurtas
54585,Kurtas
54586,Kurtas
54587,Kurtas
54588,Dupatta
54589,Kurtis
54590,Kurtis
54595,Kurtas
54596,Kurtas
54597,Kurtas
54598,Kurtas
54599,Kurtas
54600,Briefs
54601,Briefs
54602,Briefs
54603,Briefs
54604,Briefs
54605,Briefs
54606,Briefs
54607,Briefs
54608,Briefs
54609,Briefs
54610,Briefs
54611,Briefs
54612,Wallets
54613,Briefs
54614,Briefs
54615,Briefs
54616,Briefs
54617,Briefs
54618,Briefs
54619,Watches
54620,Watches
54621,Watches
54622,Watches
54623,Watches
54625,Watches
54626,Watches
54627,Watches
54628,Watches
54629,Watches
54630,Watches
54631,Watches
54632,Watches
54633,Watches
54634,Watches
54635,Watches
54636,Watches
54637,Watches
54638,Watches
54639,Watches
54640,Watches
54641,Free Gifts
54642,Watches
54643,Watches
54644,Watches
54645,Watches
54646,Watches
54647,Watches
54648,Watches
54649,Watches
54650,Socks
54651,Watches
54652,Socks
54653,Watches
54654,Watches
54655,Watches
54656,Socks
54657,Socks
54658,Watches
54659,Socks
54660,Watches
54661,Watches
54662,Watches
54663,Watches
54664,Watches
54665,Watches
54666,Watches
54667,Watches
54668,Watches
54669,Watches
54670,Tshirts
54671,Watches
54672,Watches
54674,Watches
54675,Watches
54676,Watches
54677,Watches
54678,Watches
54679,Tshirts
54680,Stoles
54681,Kurtas
54682,Kurtas
54683,Dresses
54684,Kurtas
54685,Kurtas
54686,Kurta Sets
54687,Kurtas
54688,Kurta Sets
54689,Kurta Sets
54690,Kurtas
54691,Dupatta
54692,Kurtas
54693,Kurtas
54694,Kurtas
54695,Kurtas
54696,Tops
54697,Kurtas
54698,Dresses
54699,Tunics
54700,Kurtas
54702,Kurtis
54703,Night suits
54704,Kurta Sets
54705,Kurta Sets
54706,Kurtas
54708,Kurtas
54710,Kurtas
54711,Kurtas
54712,Dupatta
54713,Kurta Sets
54714,Deodorant
54715,Kurta Sets
54716,Kurtas
54717,Dresses
54718,Dresses
54719,Kurtas
54720,Dupatta
54721,Kurta Sets
54722,Kurta Sets
54723,Kurta Sets
54724,Kurta Sets
54725,Kurtas
54726,Kurtas
54727,Tunics
54728,Casual Shoes
54729,Sports Shoes
54730,Casual Shoes
54731,Casual Shoes
54732,Casual Shoes
54733,Casual Shoes
54734,Casual Shoes
54735,Casual Shoes
54736,Casual Shoes
54737,Casual Shoes
54738,Formal Shoes
54739,Casual Shoes
54740,Heels
54741,Casual Shoes
54742,Casual Shoes
54744,Kurtas
54767,Kurtas
54792,Jeans
54794,Lounge Pants
54796,Jeans
54800,Jeans
54804,Handbags
54805,Handbags
54807,Handbags
54808,Sports Shoes
54812,Handbags
54813,Backpacks
54819,Handbags
54823,Handbags
54827,Messenger Bag
54828,Mobile Pouch
54829,Messenger Bag
54831,Duffel Bag
54834,Handbags
54836,Duffel Bag
54838,Messenger Bag
54842,Sports Shoes
54849,Jewellery Set
54850,Jewellery Set
54851,Jewellery Set
54852,Necklace and Chains
54853,Necklace and Chains
54854,Jewellery Set
54856,Necklace and Chains
54857,Necklace and Chains
54858,Necklace and Chains
54859,Handbags
54860,Night suits
54861,Jewellery Set
54862,Jewellery Set
54863,Necklace and Chains
54864,Necklace and Chains
54865,Necklace and Chains
54866,Necklace and Chains
54867,Necklace and Chains
54868,Necklace and Chains
54869,Necklace and Chains
54870,Necklace and Chains
54871,Necklace and Chains
54872,Necklace and Chains
54873,Necklace and Chains
54874,Necklace and Chains
54875,Jewellery Set
54876,Necklace and Chains
54877,Jewellery Set
54878,Necklace and Chains
54879,Necklace and Chains
54880,Jewellery Set
54881,Necklace and Chains
54882,Necklace and Chains
54883,Necklace and Chains
54884,Jewellery Set
54885,Necklace and Chains
54886,Necklace and Chains
54888,Necklace and Chains
54889,Sweatshirts
54890,Tops
54891,Tshirts
54894,Lounge Pants
54896,Track Pants
54897,Tops
54899,Tops
54900,Tshirts
54901,Shirts
54902,Tshirts
54903,Tshirts
54904,Tshirts
54905,Tshirts
54906,Tshirts
54907,Tshirts
54908,Tshirts
54909,Tshirts
54911,Tshirts
54913,Shirts
54914,Tops
54915,Tshirts
54918,Lounge Shorts
54919,Lounge Pants
54921,Lounge Shorts
54923,Capris
54924,Boxers
54925,Boxers
54926,Tshirts
54927,Tshirts
54928,Tshirts
54929,Tshirts
54930,Tshirts
54931,Tshirts
54932,Tops
54933,Rompers
54934,Tops
54935,Tops
54936,Tshirts
54937,Tops
54938,Stoles
54939,Tops
54940,Tshirts
54941,Tops
54942,Tshirts
54943,Tshirts
54944,Tshirts
54945,Tshirts
54946,Tshirts
54947,Tshirts
54948,Shirts
54949,Shirts
54950,Tshirts
54951,Tshirts
54953,Shirts
54954,Tshirts
54955,Tshirts
54957,Tshirts
54958,Tshirts
54959,Tshirts
54960,Tshirts
54961,Tshirts
54964,Tops
54965,Tshirts
54966,Casual Shoes
54967,Tops
54968,Deodorant
54969,Deodorant
54970,Perfume and Body Mist
54971,Dresses
54972,Innerwear Vests
54973,Dresses
54974,Dresses
54975,Tshirts
54976,Dresses
54977,Jeans
54978,Night suits
54979,Shirts
54980,Kurta Sets
54981,Tops
54982,Jeans
54983,Night suits
54984,Jeans
54985,Jeans
54986,Tops
54987,Tops
54988,Kurtis
54989,Tunics
54990,Kurta Sets
54991,Kurtas
54992,Dresses
54993,Shirts
54995,Lip Liner
54997,Lip Liner
55000,Lip Liner
55001,Lip Liner
55002,Lip Liner
55003,Lip Liner
55004,Briefs
55005,Earrings
55006,Lipstick
55007,Lipstick
55008,Lipstick
55009,Lip Gloss
55010,Lip Gloss
55012,Kajal and Eyeliner
55013,Kajal and Eyeliner
55015,Kajal and Eyeliner
55016,Kajal and Eyeliner
55018,Kajal and Eyeliner
55020,Kajal and Eyeliner
55021,Lipstick
55022,Lipstick
55023,Lipstick
55024,Lipstick
55025,Lipstick
55026,Lipstick
55027,Lipstick
55028,Lipstick
55029,Lipstick
55030,Lipstick
55031,Lipstick
55032,Lipstick
55033,Lipstick
55034,Lipstick
55035,Lipstick
55036,Lipstick
55037,Lipstick
55038,Lipstick
55039,Lipstick
55040,Lipstick
55041,Lip Liner
55042,Lipstick
55043,Lipstick
55044,Lipstick
55045,Wallets
55046,Wallets
55047,Wallets
55048,Wallets
55049,Wallets
55050,Wallets
55051,Wallets
55052,Wallets
55053,Wallets
55054,Wallets
55055,Wallets
55056,Wallets
55057,Lipstick
55058,Wallets
55059,Wallets
55060,Wallets
55061,Wallets
55062,Wallets
55063,Wallets
55064,Wallets
55065,Wallets
55066,Wallets
55067,Wallets
55068,Lip Gloss
55069,Perfume and Body Mist
55070,Kajal and Eyeliner
55071,Lipstick
55072,Lipstick
55073,Kajal and Eyeliner
55074,Kajal and Eyeliner
55075,Kajal and Eyeliner
55078,Duffel Bag
55079,Duffel Bag
55080,Tshirts
55081,Perfume and Body Mist
55083,Sports Shoes
55086,Perfume and Body Mist
55087,Perfume and Body Mist
55089,Tshirts
55090,Tshirts
55093,Sports Shoes
55094,Lipstick
55095,Lipstick
55097,Perfume and Body Mist
55098,Shoe Accessories
55099,Lipstick
55100,Flip Flops
55101,Backpacks
55107,Sports Shoes
55108,Sports Shoes
55109,Wallets
55110,Casual Shoes
55111,Casual Shoes
55112,Casual Shoes
55113,Highlighter and Blush
55114,Highlighter and Blush
55115,Highlighter and Blush
55116,Accessory Gift Set
55117,Accessory Gift Set
55118,Accessory Gift Set
55119,Wallets
55120,Heels
55121,Perfume and Body Mist
55122,Lipstick
55123,Heels
55124,Heels
55125,Heels
55126,Lipstick
55127,Nail Polish
55128,Lipstick
55129,Lipstick
55130,Nail Polish
55131,Perfume and Body Mist
55132,Kajal and Eyeliner
55133,Heels
55134,Lipstick
55135,Perfume and Body Mist
55136,Perfume and Body Mist
55137,Lipstick
55138,Perfume and Body Mist
55139,Lipstick
55140,Bra
55141,Lipstick
55142,Sports Shoes
55143,Lipstick
55144,Sports Shoes
55145,Lipstick
55146,Lipstick
55147,Lipstick
55148,Lipstick
55149,Lipstick
55150,Lipstick
55151,Lipstick
55152,Lipstick
55153,Deodorant
55154,Lipstick
55155,Deodorant
55156,Deodorant
55157,Lipstick
55158,Lipstick
55159,Lipstick
55160,Lipstick
55161,Lipstick
55162,Lipstick
55163,Lipstick
55164,Wallets
55165,Perfume and Body Mist
55166,Lipstick
55168,Skirts
55170,Wallets
55172,Perfume and Body Mist
55173,Perfume and Body Mist
55175,Rompers
55177,Perfume and Body Mist
55179,Perfume and Body Mist
55180,Tops
55181,Perfume and Body Mist
55184,Nail Polish
55185,Perfume and Body Mist
55186,Perfume and Body Mist
55187,Perfume and Body Mist
55190,Tops
55191,Perfume and Body Mist
55192,Perfume and Body Mist
55194,Perfume and Body Mist
55195,Heels
55196,Perfume and Body Mist
55197,Perfume and Body Mist
55198,Perfume and Body Mist
55200,Wallets
55201,Wallets
55202,Caps
55203,Cufflinks
55205,Lipstick
55206,Lipstick
55208,Lipstick
55209,Lipstick
55210,Lipstick
55211,Lipstick
55212,Lipstick
55213,Lipstick
55214,Lipstick
55215,Lipstick
55216,Lipstick
55217,Lipstick
55218,Kajal and Eyeliner
55219,Kajal and Eyeliner
55220,Kajal and Eyeliner
55221,Kajal and Eyeliner
55222,Kajal and Eyeliner
55223,Lip Liner
55224,Lip Liner
55225,Kajal and Eyeliner
55226,Kajal and Eyeliner
55227,Lipstick
55228,Shorts
55229,Lipstick
55230,Tshirts
55231,Tshirts
55232,Tshirts
55233,Briefs
55234,Perfume and Body Mist
55235,Perfume and Body Mist
55236,Perfume and Body Mist
55237,Wallets
55238,Wallets
55239,Perfume and Body Mist
55240,Perfume and Body Mist
55241,Perfume and Body Mist
55242,Perfume and Body Mist
55243,Perfume and Body Mist
55244,Shoe Accessories
55245,Shoe Accessories
55246,Shoe Accessories
55247,Heels
55248,Wallets
55249,Wallets
55250,Flip Flops
55251,Tshirts
55252,Kajal and Eyeliner
55253,Lip Liner
55254,Lip Liner
55255,Lip Liner
55256,Kajal and Eyeliner
55257,Kajal and Eyeliner
55258,Kajal and Eyeliner
55259,Kajal and Eyeliner
55260,Kajal and Eyeliner
55261,Kajal and Eyeliner
55262,Kajal and Eyeliner
55263,Lip Liner
55264,Lip Liner
55265,Lip Liner
55266,Lipstick
55267,Lipstick
55268,Wallets
55269,Kajal and Eyeliner
55270,Wallets
55271,Lip Liner
55272,Kajal and Eyeliner
55273,Lip Liner
55274,Lip Liner
55275,Casual Shoes
55276,Casual Shoes
55277,Wallets
55278,Wallets
55280,Wallets
55281,Sports Shoes
55282,Flip Flops
55283,Flip Flops
55284,Flip Flops
55285,Backpacks
55286,Belts
55287,Wallets
55288,Wallets
55289,Wallets
55290,Lipstick
55291,Lipstick
55292,Lipstick
55293,Lip Liner
55294,Kajal and Eyeliner
55295,Lipstick
55296,Caps
55297,Caps
55298,Caps
55299,Caps
55300,Earrings
55301,Lip Liner
55306,Flip Flops
55307,Tshirts
55314,Socks
55315,Socks
55316,Watches
55317,Tops
55318,Tops
55319,Tshirts
55320,Tops
55321,Shoe Accessories
55322,Tshirts
55323,Tops
55324,Tops
55325,Tshirts
55326,Tops
55328,Tops
55329,Tshirts
55330,Tshirts
55331,Tshirts
55332,Tshirts
55333,Tshirts
55334,Sports Shoes
55335,Sports Shoes
55336,Tshirts
55337,Perfume and Body Mist
55338,Perfume and Body Mist
55339,Perfume and Body Mist
55344,Perfume and Body Mist
55347,Perfume and Body Mist
55349,Tshirts
55350,Wallets
55351,Perfume and Body Mist
55352,Perfume and Body Mist
55354,Deodorant
55357,Lipstick
55358,Lipstick
55359,Heels
55361,Lipstick
55362,Deodorant
55363,Lipstick
55364,Deodorant
55365,Lipstick
55366,Shoe Accessories
55368,Lipstick
55369,Deodorant
55370,Lipstick
55373,Lipstick
55375,Lipstick
55376,Perfume and Body Mist
55377,Lipstick
55378,Lipstick
55379,Lipstick
55380,Deodorant
55381,Lipstick
55382,Deodorant
55383,Lipstick
55384,Lipstick
55385,Lipstick
55387,Lipstick
55388,Lipstick
55389,Deodorant
55390,Lipstick
55391,Lipstick
55392,Perfume and Body Mist
55394,Perfume and Body Mist
55395,Lipstick
55396,Kajal and Eyeliner
55397,Lipstick
55398,Bangle
55399,Kajal and Eyeliner
55400,Kajal and Eyeliner
55402,Lip Liner
55407,Kajal and Eyeliner
55408,Kajal and Eyeliner
55409,Lip Liner
55410,Kajal and Eyeliner
55418,Perfume and Body Mist
55419,Lipstick
55420,Lipstick
55421,Perfume and Body Mist
55423,Lipstick
55424,Perfume and Body Mist
55425,Perfume and Body Mist
55426,Lipstick
55427,Perfume and Body Mist
55428,Lipstick
55429,Lipstick
55430,Lipstick
55431,Lipstick
55432,Lipstick
55433,Lipstick
55434,Lipstick
55436,Lipstick
55437,Lipstick
55438,Lipstick
55439,Lipstick
55440,Lipstick
55441,Lipstick
55442,Lipstick
55443,Lipstick
55444,Lipstick
55445,Lipstick
55446,Lipstick
55447,Lipstick
55448,Lipstick
55449,Lipstick
55450,Deodorant
55451,Lipstick
55454,Lipstick
55455,Lipstick
55456,Lipstick
55457,Lip Liner
55458,Lip Liner
55459,Lipstick
55460,Lipstick
55461,Lip Liner
55462,Lipstick
55463,Lipstick
55464,Lipstick
55465,Lipstick
55466,Lipstick
55467,Lipstick
55468,Lipstick
55469,Lipstick
55470,Lipstick
55471,Lipstick
55472,Lipstick
55473,Lip Liner
55474,Lipstick
55475,Lipstick
55476,Lipstick
55477,Lipstick
55478,Kajal and Eyeliner
55479,Lipstick
55480,Lipstick
55482,Lip Liner
55485,Kajal and Eyeliner
55486,Lip Liner
55487,Lipstick
55488,Lipstick
55489,Lipstick
55490,Lipstick
55491,Lipstick
55492,Lipstick
55493,Lipstick
55494,Lipstick
55495,Lipstick
55496,Lipstick
55497,Lipstick
55498,Lipstick
55499,Lipstick
55500,Lipstick
55501,Lipstick
55502,Lipstick
55503,Deodorant
55504,Wallets
55505,Deodorant
55506,Lipstick
55507,Lipstick
55508,Wallets
55509,Lipstick
55510,Lipstick
55511,Lipstick
55512,Lipstick
55513,Tshirts
55514,Tshirts
55516,Tshirts
55517,Sports Shoes
55518,Tshirts
55519,Sports Shoes
55520,Lipstick
55521,Mobile Pouch
55522,Shoe Accessories
55523,Lipstick
55524,Wallets
55525,Wallets
55526,Wallets
55527,Lip Gloss
55528,Lip Gloss
55529,Perfume and Body Mist
55530,Perfume and Body Mist
55531,Perfume and Body Mist
55532,Perfume and Body Mist
55533,Tops
55534,Earrings
55535,Tops
55536,Tops
55537,Tops
55538,Tops
55539,Tops
55540,Belts
55541,Kajal and Eyeliner
55542,Kajal and Eyeliner
55543,Kajal and Eyeliner
55544,Kajal and Eyeliner
55545,Kajal and Eyeliner
55546,Kajal and Eyeliner
55547,Kajal and Eyeliner
55548,Kajal and Eyeliner
55549,Kajal and Eyeliner
55550,Kajal and Eyeliner
55551,Kajal and Eyeliner
55553,Lip Liner
55556,Kajal and Eyeliner
55557,Kajal and Eyeliner
55558,Kajal and Eyeliner
55559,Lipstick
55560,Cufflinks
55561,Tshirts
55564,Deodorant
55565,Deodorant
55568,Deodorant
55569,Capris
55570,Deodorant
55571,Deodorant
55572,Lipstick
55573,Lipstick
55574,Tshirts
55575,Tshirts
55576,Tops
55577,Tshirts
55578,Belts
55579,Belts
55580,Tshirts
55581,Shoe Accessories
55582,Shoe Accessories
55583,Shoe Accessories
55584,Tshirts
55585,Tshirts
55586,Tshirts
55587,Kajal and Eyeliner
55590,Shirts
55591,Sweatshirts
55595,Shirts
55597,Sweatshirts
55599,Shirts
55608,Shirts
55612,Formal Shoes
55613,Formal Shoes
55614,Sports Shoes
55615,Formal Shoes
55616,Sports Sandals
55617,Formal Shoes
55618,Formal Shoes
55619,Formal Shoes
55620,Formal Shoes
55621,Formal Shoes
55622,Formal Shoes
55623,Formal Shoes
55624,Sports Shoes
55625,Sports Shoes
55626,Formal Shoes
55627,Formal Shoes
55628,Formal Shoes
55629,Formal Shoes
55630,Heels
55631,Heels
55632,Heels
55633,Heels
55634,Heels
55635,Heels
55636,Flip Flops
55637,Flip Flops
55638,Heels
55639,Sports Sandals
55640,Heels
55641,Tshirts
55642,Handbags
55643,Heels
55644,Heels
55645,Sports Shoes
55646,Heels
55647,Flip Flops
55648,Flip Flops
55649,Heels
55650,Heels
55651,Flip Flops
55652,Heels
55653,Flip Flops
55654,Heels
55655,Heels
55656,Heels
55657,Flip Flops
55783,Casual Shoes
55784,Sports Shoes
55785,Sports Shoes
55786,Shirts
55787,Dresses
55788,Scarves
55789,Sarees
55790,Kurta Sets
55791,Dupatta
55794,Night suits
55795,Night suits
55796,Kurta Sets
55797,Dresses
55798,Dresses
55799,Dresses
55800,Tops
55801,Dresses
55802,Night suits
55803,Night suits
55804,Dupatta
55805,Night suits
55806,Kurta Sets
55807,Kurta Sets
55809,Night suits
55810,Kurta Sets
55811,Kurta Sets
55812,Kurta Sets
55813,Kurta Sets
55814,Night suits
55817,Night suits
55818,Night suits
55819,Kurta Sets
55821,Night suits
55822,Kurta Sets
55823,Night suits
55824,Night suits
55825,Kurta Sets
55826,Night suits
55827,Night suits
55828,Night suits
55829,Kurta Sets
55830,Night suits
55831,Night suits
55832,Night suits
55833,Kajal and Eyeliner
55834,Casual Shoes
55835,Wallets
55836,Perfume and Body Mist
55837,Deodorant
55838,Deodorant
55839,Deodorant
55840,Deodorant
55841,Lipstick
55842,Deodorant
55843,Deodorant
55844,Deodorant
55845,Deodorant
55846,Deodorant
55847,Deodorant
55848,Fragrance Gift Set
55849,Deodorant
55850,Deodorant
55851,Deodorant
55852,Deodorant
55853,Deodorant
55854,Deodorant
55855,Deodorant
55856,Deodorant
55857,Deodorant
55858,Deodorant
55859,Deodorant
55860,Deodorant
55861,Lipstick
55862,Lipstick
55863,Lipstick
55864,Lipstick
55865,Wallets
55866,Lipstick
55867,Handbags
55868,Wallets
55869,Handbags
55870,Lipstick
55871,Lipstick
55872,Wallets
55873,Lipstick
55874,Lipstick
55875,Deodorant
55876,Lipstick
55877,Lipstick
55878,Lipstick
55879,Lipstick
55880,Lipstick
55881,Wallets
55882,Wallets
55883,Lipstick
55884,Perfume and Body Mist
55885,Lipstick
55886,Wallets
55887,Lipstick
55888,Wallets
55889,Lipstick
55890,Wallets
55891,Lipstick
55892,Wallets
55893,Wallets
55894,Wallets
55895,Lipstick
55896,Wallets
55897,Wallets
55898,Duffel Bag
55899,Lipstick
55900,Wallets
55901,Duffel Bag
55902,Wallets
55903,Perfume and Body Mist
55904,Lipstick
55905,Lipstick
55906,Lipstick
55907,Lipstick
55909,Deodorant
55910,Deodorant
55911,Deodorant
55912,Deodorant
55913,Perfume and Body Mist
55914,Deodorant
55915,Perfume and Body Mist
55916,Deodorant
55917,Deodorant
55918,Deodorant
55919,Lipstick
55920,Perfume and Body Mist
55921,Deodorant
55922,Deodorant
55923,Deodorant
55924,Deodorant
55925,Deodorant
55926,Deodorant
55927,Deodorant
55928,Perfume and Body Mist
55929,Deodorant
55930,Deodorant
55931,Perfume and Body Mist
55932,Deodorant
55933,Deodorant
55935,Deodorant
55936,Perfume and Body Mist
55937,Deodorant
55938,Deodorant
55939,Deodorant
55940,Perfume and Body Mist
55941,Perfume and Body Mist
55942,Deodorant
55943,Deodorant
55944,Deodorant
55945,Deodorant
55946,Deodorant
55947,Deodorant
55948,Deodorant
55949,Deodorant
55950,Deodorant
55951,Deodorant
55952,Deodorant
55953,Deodorant
55954,Lipstick
55955,Deodorant
55956,Kajal and Eyeliner
55957,Lipstick
55958,Kajal and Eyeliner
55959,Lipstick
55960,Lipstick
55961,Lipstick
55962,Lipstick
55963,Wallets
55964,Lipstick
55965,Lipstick
55966,Lipstick
55967,Lipstick
55968,Lipstick
55969,Lipstick
55970,Lipstick
55971,Lipstick
55972,Lipstick
55973,Lipstick
55974,Lipstick
55975,Lipstick
55976,Lipstick
55977,Tops
55978,Lip Liner
55979,Lip Liner
55980,Handbags
55981,Lipstick
55982,Lip Liner
55983,Lipstick
55984,Lipstick
55985,Lipstick
55986,Lipstick
55987,Bra
55988,Handbags
55989,Lipstick
55990,Lipstick
55991,Lipstick
55992,Lipstick
55993,Lipstick
55994,Lipstick
55995,Lipstick
55996,Bra
55997,Lipstick
55998,Lipstick
55999,Lipstick
56000,Lipstick
56001,Lipstick
56002,Lipstick
56003,Lipstick
56004,Handbags
56005,Lipstick
56006,Bra
56007,Lipstick
56008,Lipstick
56009,Lip Liner
56010,Lipstick
56011,Lipstick
56012,Lipstick
56013,Lipstick
56014,Lipstick
56015,Lipstick
56016,Lipstick
56017,Lipstick
56018,Lipstick
56019,Lipstick
56020,Handbags
56021,Lipstick
56022,Lipstick
56023,Lipstick
56024,Lipstick
56025,Lipstick
56026,Lipstick
56027,Lipstick
56028,Lipstick
56029,Lipstick
56030,Lipstick
56031,Lipstick
56032,Lipstick
56033,Lipstick
56034,Lipstick
56035,Lipstick
56036,Lipstick
56037,Lipstick
56038,Lipstick
56039,Lipstick
56040,Kajal and Eyeliner
56041,Kajal and Eyeliner
56042,Kajal and Eyeliner
56043,Kajal and Eyeliner
56044,Kajal and Eyeliner
56045,Kajal and Eyeliner
56046,Kajal and Eyeliner
56047,Kajal and Eyeliner
56048,Kajal and Eyeliner
56049,Kajal and Eyeliner
56050,Kajal and Eyeliner
56051,Kajal and Eyeliner
56052,Kajal and Eyeliner
56053,Kajal and Eyeliner
56054,Kajal and Eyeliner
56055,Kajal and Eyeliner
56056,Wallets
56057,Kajal and Eyeliner
56058,Kajal and Eyeliner
56059,Kajal and Eyeliner
56060,Kajal and Eyeliner
56061,Kajal and Eyeliner
56062,Lip Liner
56063,Kajal and Eyeliner
56064,Wallets
56065,Kajal and Eyeliner
56066,Lipstick
56067,Lipstick
56068,Lipstick
56069,Kajal and Eyeliner
56070,Kajal and Eyeliner
56071,Kajal and Eyeliner
56072,Kajal and Eyeliner
56073,Kajal and Eyeliner
56074,Lip Liner
56075,Kajal and Eyeliner
56076,Kajal and Eyeliner
56077,Kajal and Eyeliner
56078,Lipstick
56079,Lipstick
56080,Lipstick
56081,Mobile Pouch
56082,Lipstick
56083,Lipstick
56084,Lipstick
56085,Earrings
56086,Lipstick
56087,Lipstick
56088,Lipstick
56089,Lipstick
56090,Lipstick
56091,Lipstick
56092,Lipstick
56093,Lipstick
56094,Wallets
56095,Wallets
56096,Lipstick
56097,Lipstick
56098,Lipstick
56099,Lipstick
56100,Earrings
56101,Lipstick
56102,Lipstick
56103,Earrings
56104,Lipstick
56105,Lipstick
56106,Lipstick
56107,Lipstick
56108,Lipstick
56109,Wallets
56110,Shoe Accessories
56111,Shoe Accessories
56112,Shoe Accessories
56113,Tshirts
56114,Tshirts
56115,Wallets
56116,Wallets
56117,Tshirts
56118,Wallets
56119,Shoe Accessories
56120,Heels
56121,Kajal and Eyeliner
56122,Perfume and Body Mist
56123,Perfume and Body Mist
56124,Perfume and Body Mist
56125,Heels
56126,Tshirts
56127,Earrings
56128,Earrings
56129,Earrings
56133,Lipstick
56134,Perfume and Body Mist
56135,Heels
56136,Sports Shoes
56137,Casual Shoes
56138,Sports Shoes
56139,Sports Shoes
56140,Heels
56141,Casual Shoes
56142,Sports Shoes
56143,Sports Shoes
56144,Sports Shoes
56145,Sports Shoes
56146,Sports Shoes
56147,Sports Shoes
56148,Sports Shoes
56149,Kajal and Eyeliner
56150,Kajal and Eyeliner
56151,Kajal and Eyeliner
56152,Kajal and Eyeliner
56153,Kajal and Eyeliner
56154,Kajal and Eyeliner
56155,Kajal and Eyeliner
56156,Kajal and Eyeliner
56157,Kajal and Eyeliner
56158,Kajal and Eyeliner
56159,Kajal and Eyeliner
56160,Lip Liner
56161,Kajal and Eyeliner
56162,Lip Liner
56164,Kajal and Eyeliner
56165,Kajal and Eyeliner
56166,Kajal and Eyeliner
56167,Kajal and Eyeliner
56168,Mobile Pouch
56170,Earrings
56171,Earrings
56172,Kajal and Eyeliner
56173,Wallets
56174,Wallets
56175,Wallets
56176,Wallets
56177,Wallets
56178,Shoe Accessories
56179,Wallets
56180,Wallets
56181,Heels
56182,Heels
56183,Heels
56184,Heels
56185,Casual Shoes
56186,Sports Shoes
56187,Sports Shoes
56188,Sports Shoes
56189,Tshirts
56190,Heels
56191,Handbags
56192,Handbags
56193,Sports Shoes
56194,Sports Shoes
56195,Casual Shoes
56196,Sports Shoes
56198,Bracelet
56199,Earrings
56201,Earrings
56202,Bangle
56203,Ring
56205,Ring
56206,Ring
56207,Bangle
56208,Ring
56209,Bangle
56210,Ring
56211,Ring
56212,Perfume and Body Mist
56213,Earrings
56214,Earrings
56215,Earrings
56216,Earrings
56217,Earrings
56218,Jewellery Set
56219,Jewellery Set
56220,Jewellery Set
56221,Night suits
56222,Stockings
56223,Kurta Sets
56224,Stockings
56225,Night suits
56226,Jeans
56227,Stockings
56228,Kurta Sets
56229,Tracksuits
56230,Stockings
56231,Night suits
56232,Night suits
56233,Tracksuits
56234,Night suits
56235,Night suits
56236,Tracksuits
56237,Kurta Sets
56238,Tracksuits
56239,Night suits
56240,Night suits
56241,Stockings
56243,Stockings
56244,Kurta Sets
56245,Dupatta
56247,Kurta Sets
56248,Night suits
56249,Tracksuits
56250,Tracksuits
56251,Night suits
56252,Kurta Sets
56253,Tracksuits
56254,Night suits
56255,Night suits
56256,Night suits
56257,Night suits
56258,Night suits
56260,Night suits
56261,Tracksuits
56262,Kurta Sets
56263,Kurta Sets
56265,Kurta Sets
56266,Night suits
56267,Night suits
56268,Kurta Sets
56269,Night suits
56270,Bra
56271,Bra
56272,Bra
56273,Tshirts
56274,Bra
56275,Bra
56276,Bra
56277,Bra
56278,Bra
56279,Bra
56280,Bra
56281,Bra
56282,Bra
56283,Bra
56284,Bra
56285,Bra
56286,Bra
56287,Bra
56288,Bra
56289,Bra
56290,Briefs
56291,Briefs
56292,Bra
56293,Bra
56294,Bra
56295,Bra
56296,Briefs
56297,Briefs
56298,Bra
56299,Bra
56300,Bra
56301,Bra
56302,Bra
56303,Briefs
56304,Briefs
56305,Briefs
56306,Bra
56307,Bra
56308,Briefs
56309,Briefs
56310,Bra
56311,Bra
56312,Clothing Set
56313,Watches
56314,Socks
56315,Socks
56316,Socks
56317,Deodorant
56318,Watches
56319,Socks
56320,Watches
56321,Watches
56322,Tops
56323,Watches
56324,Socks
56326,Socks
56327,Watches
56329,Watches
56330,Watches
56331,Watches
56332,Free Gifts
56333,Watches
56335,Watches
56336,Watches
56337,Watches
56338,Watches
56339,Watches
56340,Watches
56341,Watches
56342,Watches
56343,Watches
56344,Messenger Bag
56346,Watches
56348,Shirts
56349,Deodorant
56351,Deodorant
56352,Deodorant
56353,Deodorant
56354,Deodorant
56355,Fragrance Gift Set
56356,Gloves
56359,Earrings
56360,Perfume and Body Mist
56361,Perfume and Body Mist
56362,Perfume and Body Mist
56363,Perfume and Body Mist
56364,Perfume and Body Mist
56365,Perfume and Body Mist
56366,Perfume and Body Mist
56367,Perfume and Body Mist
56368,Perfume and Body Mist
56375,Perfume and Body Mist
56376,Perfume and Body Mist
56377,Perfume and Body Mist
56378,Perfume and Body Mist
56379,Perfume and Body Mist
56380,Earrings
56381,Ring
56385,Deodorant
56386,Perfume and Body Mist
56388,Perfume and Body Mist
56389,Tops
56390,Perfume and Body Mist
56391,Kajal and Eyeliner
56392,Perfume and Body Mist
56393,Perfume and Body Mist
56394,Perfume and Body Mist
56395,Perfume and Body Mist
56402,Flip Flops
56403,Flip Flops
56404,Bracelet
56405,Flip Flops
56406,Flip Flops
56407,Flip Flops
56410,Casual Shoes
56411,Flip Flops
56412,Flip Flops
56413,Sandals
56414,Sports Sandals
56415,Sports Sandals
56416,Bra
56417,Bra
56418,Bra
56419,Bra
56420,Bra
56421,Bra
56422,Bra
56423,Bra
56424,Heels
56425,Casual Shoes
56427,Casual Shoes
56428,Casual Shoes
56429,Casual Shoes
56432,Tops
56436,Nail Polish
56440,Nail Polish
56443,Perfume and Body Mist
56444,Perfume and Body Mist
56446,Rompers
56447,Perfume and Body Mist
56448,Nail Polish
56450,Nail Polish
56451,Perfume and Body Mist
56452,Lipstick
56454,Nail Polish
56455,Perfume and Body Mist
56456,Perfume and Body Mist
56458,Lipstick
56460,Deodorant
56461,Perfume and Body Mist
56462,Deodorant
56463,Deodorant
56464,Deodorant
56465,Deodorant
56466,Deodorant
56467,Deodorant
56468,Perfume and Body Mist
56469,Deodorant
56470,Nail Polish
56471,Nail Polish
56472,Perfume and Body Mist
56473,Nail Polish
56474,Deodorant
56475,Perfume and Body Mist
56476,Perfume and Body Mist
56477,Nail Polish
56478,Deodorant
56479,Nail Polish
56480,Deodorant
56481,Nail Polish
56482,Perfume and Body Mist
56483,Deodorant
56484,Deodorant
56485,Deodorant
56486,Deodorant
56488,Perfume and Body Mist
56489,Deodorant
56490,Perfume and Body Mist
56491,Perfume and Body Mist
56492,Deodorant
56493,Deodorant
56494,Deodorant
56495,Perfume and Body Mist
56496,Deodorant
56497,Deodorant
56498,Deodorant
56499,Deodorant
56500,Deodorant
56501,Deodorant
56502,Deodorant
56503,Deodorant
56504,Nail Polish
56505,Deodorant
56506,Lipstick
56507,Lipstick
56508,Lipstick
56509,Lipstick
56511,Lipstick
56512,Lipstick
56513,Lipstick
56515,Lipstick
56516,Lipstick
56517,Lipstick
56518,Lipstick
56519,Lipstick
56520,Lipstick
56521,Lipstick
56522,Lipstick
56523,Lipstick
56524,Lipstick
56525,Lipstick
56526,Lipstick
56527,Lipstick
56528,Lipstick
56529,Lipstick
56530,Lipstick
56531,Lipstick
56532,Lipstick
56533,Lipstick
56534,Lipstick
56535,Lipstick
56536,Lipstick
56537,Lipstick
56539,Lipstick
56540,Lipstick
56541,Lipstick
56542,Lipstick
56543,Earrings
56544,Earrings
56545,Kajal and Eyeliner
56546,Perfume and Body Mist
56547,Kajal and Eyeliner
56548,Lip Liner
56549,Kajal and Eyeliner
56550,Kajal and Eyeliner
56551,Lipstick
56553,Lipstick
56554,Perfume and Body Mist
56555,Lipstick
56556,Wallets
56558,Wallets
56559,Lipstick
56560,Lipstick
56561,Wallets
56562,Wallets
56563,Lipstick
56564,Lipstick
56565,Lipstick
56566,Lipstick
56568,Tops
56569,Sports Shoes
56570,Sports Shoes
56571,Caps
56572,Heels
56573,Caps
56574,Sports Shoes
56575,Lipstick
56576,Lipstick
56579,Perfume and Body Mist
56580,Heels
56581,Flip Flops
56582,Heels
56583,Deodorant
56584,Clothing Set
56585,Shoe Accessories
56588,Lip Liner
56590,Caps
56591,Tshirts
56592,Skirts
56593,Caps
56594,Wallets
56597,Kajal and Eyeliner
56598,Kajal and Eyeliner
56599,Kajal and Eyeliner
56600,Lipstick
56601,Kajal and Eyeliner
56602,Kajal and Eyeliner
56603,Kajal and Eyeliner
56604,Earrings
56605,Lipstick
56606,Casual Shoes
56607,Sports Shoes
56608,Perfume and Body Mist
56609,Tshirts
56610,Heels
56611,Tshirts
56612,Wallets
56613,Wallets
56614,Wallets
56615,Casual Shoes
56616,Casual Shoes
56617,Casual Shoes
56618,Sports Shoes
56619,Heels
56620,Heels
56622,Perfume and Body Mist
56624,Perfume and Body Mist
56626,Tshirts
56627,Perfume and Body Mist
56631,Deodorant
56632,Tops
56634,Perfume and Body Mist
56638,Dresses
56639,Kurtas
56640,Kurtas
56642,Kurtas
56643,Tops
56646,Tops
56647,Tshirts
56649,Tops
56650,Tops
56651,Tops
56652,Formal Shoes
56653,Casual Shoes
56654,Casual Shoes
56655,Sports Shoes
56656,Casual Shoes
56657,Casual Shoes
56658,Casual Shoes
56659,Sports Shoes
56660,Heels
56661,Sandals
56662,Handbags
56663,Sandals
56664,Sandals
56665,Formal Shoes
56666,Casual Shoes
56667,Watches
56668,Watches
56669,Watches
56670,Watches
56671,Watches
56672,Watches
56673,Watches
56674,Watches
56675,Watches
56676,Watches
56677,Watches
56678,Watches
56679,Heels
56680,Heels
56681,Watches
56682,Watches
56684,Sarees
56685,Sarees
56686,Sarees
56687,Dresses
56688,Dresses
56689,Dresses
56691,Dresses
56692,Dresses
56693,Kurtas
56694,Shirts
56695,Shirts
56696,Tshirts
56697,Shirts
56698,Shirts
56699,Tshirts
56700,Shirts
56701,Tshirts
56702,Shirts
56703,Shirts
56704,Tshirts
56705,Kurtas
56709,Kurtas
56711,Kurtas
56713,Kurtas
56714,Kurtas
56715,Kurtas
56718,Kurtas
56720,Casual Shoes
56721,Sports Shoes
56722,Sports Shoes
56723,Casual Shoes
56724,Flip Flops
56725,Tshirts
56733,Tshirts
56734,Tshirts
56736,Tshirts
56752,Tshirts
56753,Tshirts
56765,Sweaters
56769,Shirts
56770,Shirts
56771,Shirts
56787,Shirts
56795,Jeans
56798,Jeans
56805,Kurta Sets
56806,Kurtas
56807,Tunics
56808,Shirts
56809,Kurtas
56810,Stoles
56811,Kurtas
56812,Kurtas
56813,Kurtas
56814,Dresses
56815,Kurtas
56816,Shirts
56817,Shirts
56818,Shirts
56819,Shirts
56820,Shirts
56821,Shorts
56822,Lounge Shorts
56825,Tshirts
56827,Jeans
56828,Jeans
56829,Shirts
56843,Jeans
56844,Jeans
56845,Lounge Pants
56846,Lounge Pants
56847,Jeans
56849,Jeans
56850,Lounge Pants
56852,Jeans
56854,Sweaters
56855,Tshirts
56856,Flip Flops
56857,Flip Flops
56858,Flip Flops
56859,Flip Flops
56860,Flip Flops
56861,Flip Flops
56862,Flip Flops
56863,Heels
56864,Heels
56865,Sports Sandals
56866,Heels
56867,Flip Flops
56868,Flip Flops
56869,Sports Sandals
56870,Flip Flops
56871,Flip Flops
56872,Flip Flops
56873,Flip Flops
56874,Flip Flops
56875,Bangle
56876,Flip Flops
56877,Heels
56878,Sports Shoes
56879,Heels
56880,Duffel Bag
56881,Heels
56882,Heels
56883,Heels
56884,Heels
56885,Heels
56886,Heels
56887,Heels
56888,Flip Flops
56889,Flip Flops
56890,Flip Flops
56891,Flip Flops
56893,Heels
56894,Heels
56895,Tshirts
56896,Bracelet
56897,Heels
56898,Heels
56899,Heels
56900,Heels
56901,Heels
56902,Flip Flops
56903,Flip Flops
56904,Flip Flops
56905,Flip Flops
56906,Flip Flops
56907,Flip Flops
56908,Flip Flops
56909,Flip Flops
56910,Flip Flops
56911,Flip Flops
56912,Heels
56913,Flip Flops
56914,Heels
56915,Flip Flops
56916,Flip Flops
56917,Heels
56918,Flip Flops
56919,Flip Flops
56920,Flip Flops
56921,Heels
56922,Heels
56923,Flip Flops
56924,Flip Flops
56925,Flip Flops
56926,Flip Flops
56927,Heels
56928,Heels
56929,Heels
56930,Flip Flops
56931,Flip Flops
56932,Flip Flops
56933,Flip Flops
56934,Heels
56935,Flip Flops
56936,Heels
56937,Sports Shoes
56938,Sports Shoes
56939,Heels
56940,Heels
56941,Heels
56942,Heels
56943,Flip Flops
56944,Flip Flops
56945,Heels
56946,Heels
56947,Heels
56948,Heels
56949,Flip Flops
56950,Flip Flops
56951,Flip Flops
56952,Flip Flops
56953,Sports Sandals
56954,Heels
56955,Heels
56956,Sports Shoes
56957,Heels
56958,Flip Flops
56959,Flip Flops
56960,Heels
56961,Flip Flops
56962,Flip Flops
56963,Heels
56964,Flip Flops
56965,Flip Flops
56966,Flip Flops
56967,Flip Flops
56968,Flip Flops
56969,Flip Flops
56970,Flip Flops
56971,Flip Flops
56972,Flip Flops
56973,Flip Flops
56974,Flip Flops
56975,Flip Flops
56976,Heels
56977,Heels
56978,Flip Flops
56979,Flip Flops
56980,Flip Flops
56981,Heels
56982,Flip Flops
56983,Flip Flops
56984,Flip Flops
56985,Heels
56986,Flip Flops
56987,Heels
56988,Flip Flops
56989,Heels
56990,Heels
56991,Heels
56992,Heels
56993,Heels
56994,Duffel Bag
56995,Flip Flops
56996,Heels
56997,Flip Flops
56998,Travel Accessory
56999,Heels
57000,Flats
57001,Heels
57002,Flip Flops
57003,Heels
57004,Flats
57005,Heels
57006,Heels
57007,Heels
57008,Flip Flops
57009,Flip Flops
57010,Flip Flops
57011,Flip Flops
57012,Heels
57013,Flip Flops
57014,Flip Flops
57015,Briefs
57016,Briefs
57017,Briefs
57018,Briefs
57019,Briefs
57021,Briefs
57022,Briefs
57023,Briefs
57024,Briefs
57025,Briefs
57026,Briefs
57027,Briefs
57028,Tshirts
57029,Tshirts
57030,Scarves
57031,Kurtas
57032,Tshirts
57033,Tshirts
57034,Night suits
57035,Dresses
57036,Kurta Sets
57037,Tops
57038,Dresses
57039,Tops
57040,Dresses
57041,Tops
57042,Dresses
57043,Dupatta
57044,Dresses
57045,Dresses
57046,Dresses
57047,Dresses
57048,Dresses
57049,Dresses
57050,Dresses
57051,Dresses
57052,Dresses
57053,Kurta Sets
57054,Tops
57055,Dresses
57056,Dresses
57057,Dresses
57058,Dresses
57059,Tops
57060,Dresses
57061,Tops
57062,Tshirts
57063,Tops
57064,Tops
57065,Tshirts
57066,Tops
57067,Stoles
57068,Jackets
57069,Tshirts
57070,Lounge Pants
57071,Jeans
57072,Leggings
57073,Jeggings
57074,Stockings
57075,Jeans
57076,Jeans
57077,Jeans
57078,Stockings
57079,Dresses
57080,Tops
57081,Tshirts
57082,Shorts
57083,Lounge Shorts
57084,Skirts
57085,Dresses
57086,Lounge Shorts
57087,Dresses
57088,Shorts
57089,Lounge Shorts
57090,Shorts
57091,Tshirts
57092,Dresses
57093,Lounge Shorts
57094,Shorts
57095,Lounge Shorts
57096,Jeans
57097,Lounge Shorts
57099,Shorts
57100,Tops
57101,Tops
57102,Shirts
57103,Tshirts
57104,Tops
57105,Tops
57106,Tops
57107,Tshirts
57108,Tshirts
57109,Tshirts
57110,Shirts
57111,Tops
57112,Tops
57114,Tops
57115,Dresses
57116,Dresses
57117,Tops
57118,Tops
57119,Tops
57120,Tshirts
57121,Tshirts
57122,Tops
57123,Tops
57124,Tshirts
57125,Tops
57126,Tshirts
57127,Tshirts
57128,Dresses
57129,Tops
57130,Tshirts
57131,Tunics
57132,Tshirts
57133,Dresses
57134,Tops
57135,Tshirts
57136,Stockings
57137,Lounge Shorts
57138,Leggings
57139,Lounge Pants
57140,Lounge Shorts
57141,Tights
57142,Tops
57143,Tshirts
57144,Tshirts
57145,Dresses
57146,Tshirts
57147,Tshirts
57148,Tops
57149,Tops
57150,Tops
57151,Tops
57152,Tops
57153,Tops
57154,Tops
57155,Tops
57156,Tops
57157,Tshirts
57158,Tops
57159,Tshirts
57160,Tshirts
57161,Tshirts
57162,Tshirts
57163,Tops
57164,Tops
57165,Tops
57166,Tshirts
57167,Tshirts
57168,Tshirts
57169,Tops
57170,Tops
57171,Dresses
57172,Tshirts
57173,Tshirts
57174,Tops
57175,Tops
57176,Tops
57177,Tops
57178,Tops
57179,Tops
57180,Tops
57181,Dresses
57182,Dresses
57183,Innerwear Vests
57184,Tshirts
57185,Dresses
57186,Dresses
57187,Dresses
57188,Kurtas
57189,Shirts
57190,Tops
57191,Tops
57192,Dresses
57193,Tops
57194,Tshirts
57195,Tops
57196,Dresses
57197,Tops
57198,Tshirts
57199,Dresses
57200,Dresses
57201,Tshirts
57202,Tops
57203,Dresses
57204,Jeans
57205,Leggings
57207,Jeans
57208,Jeans
57209,Jeans
57210,Leggings
57211,Leggings
57212,Jeans
57213,Jeans
57214,Lounge Shorts
57215,Lounge Shorts
57216,Lounge Shorts
57217,Jeans
57218,Jeans
57225,Handbags
57226,Handbags
57229,Handbags
57230,Handbags
57231,Handbags
57235,Handbags
57236,Handbags
57237,Handbags
57238,Handbags
57239,Handbags
57240,Handbags
57241,Handbags
57242,Duffel Bag
57243,Handbags
57244,Handbags
57246,Handbags
57247,Handbags
57252,Handbags
57253,Handbags
57254,Handbags
57255,Handbags
57256,Handbags
57258,Handbags
57259,Handbags
57261,Handbags
57262,Handbags
57263,Duffel Bag
57264,Handbags
57266,Handbags
57268,Tshirts
57273,Dupatta
57274,Shirts
57275,Shirts
57276,Shirts
57277,Shirts
57280,Shirts
57281,Shirts
57282,Shirts
57283,Tshirts
57284,Shirts
57285,Shirts
57286,Shirts
57287,Shirts
57288,Shirts
57289,Shirts
57290,Shirts
57291,Shirts
57292,Tops
57293,Shirts
57294,Shirts
57295,Shirts
57296,Shirts
57297,Shirts
57298,Heels
57299,Flip Flops
57300,Heels
57301,Heels
57302,Flip Flops
57303,Heels
57304,Flip Flops
57305,Heels
57306,Heels
57307,Flip Flops
57308,Flip Flops
57309,Flip Flops
57310,Tshirts
57311,Bra
57312,Bra
57313,Bra
57316,Bra
57318,Bra
57319,Bra
57320,Bra
57321,Tshirts
57322,Bra
57323,Bra
57324,Bra
57325,Bra
57326,Bra
57327,Bra
57328,Bra
57329,Bra
57330,Bra
57331,Bra
57333,Bra
57334,Bra
57335,Bra
57336,Tshirts
57338,Bra
57339,Bra
57340,Bra
57342,Bra
57343,Bra
57344,Bra
57345,Bra
57346,Bra
57347,Bra
57348,Bra
57349,Bra
57350,Bra
57351,Bra
57352,Bra
57353,Bra
57354,Bra
57355,Bra
57356,Bra
57357,Bra
57358,Bra
57359,Bra
57360,Bra
57361,Bra
57362,Bra
57363,Bra
57365,Briefs
57366,Briefs
57367,Briefs
57368,Briefs
57369,Briefs
57370,Briefs
57371,Briefs
57372,Briefs
57373,Briefs
57374,Briefs
57375,Briefs
57376,Sunglasses
57378,Briefs
57379,Briefs
57380,Briefs
57382,Briefs
57383,Briefs
57384,Briefs
57388,Briefs
57389,Tshirts
57390,Briefs
57391,Heels
57392,Sports Shoes
57393,Briefs
57395,Briefs
57397,Briefs
57398,Briefs
57399,Briefs
57400,Briefs
57401,Briefs
57402,Briefs
57403,Briefs
57404,Briefs
57405,Briefs
57406,Briefs
57407,Briefs
57408,Briefs
57409,Briefs
57410,Briefs
57411,Briefs
57412,Briefs
57413,Briefs
57414,Briefs
57415,Briefs
57416,Socks
57418,Tops
57419,Dresses
57420,Tshirts
57421,Tshirts
57422,Tops
57423,Tshirts
57424,Tops
57425,Tops
57426,Tops
57427,Tops
57428,Tshirts
57429,Tops
57430,Tops
57431,Tshirts
57432,Tops
57433,Tshirts
57434,Tops
57435,Tshirts
57436,Tops
57437,Tops
57438,Tops
57439,Tops
57440,Tops
57441,Tshirts
57442,Tops
57443,Tshirts
57444,Tops
57445,Tshirts
57446,Tops
57447,Tshirts
57448,Tshirts
57449,Tshirts
57450,Tshirts
57457,Clutches
57458,Wallets
57459,Wallets
57462,Wallets
57463,Belts
57466,Flip Flops
57467,Casual Shoes
57468,Flip Flops
57469,Casual Shoes
57470,Casual Shoes
57471,Casual Shoes
57475,Sandals
57476,Sports Shoes
57477,Sports Shoes
57478,Sports Shoes
57479,Sports Shoes
57480,Sports Shoes
57481,Sports Shoes
57482,Casual Shoes
57483,Sports Shoes
57484,Flip Flops
57487,Sandals
57488,Formal Shoes
57489,Formal Shoes
57490,Formal Shoes
57491,Formal Shoes
57492,Formal Shoes
57493,Sports Sandals
57494,Formal Shoes
57495,Sandals
57496,Sandals
57497,Formal Shoes
57498,Formal Shoes
57499,Sports Sandals
57500,Sandals
57501,Heels
57502,Heels
57503,Sandals
57504,Sports Sandals
57505,Flip Flops
57506,Flip Flops
57507,Flip Flops
57508,Sports Sandals
57509,Sports Sandals
57510,Sports Sandals
57511,Formal Shoes
57512,Sandals
57513,Formal Shoes
57514,Formal Shoes
57515,Sports Sandals
57516,Formal Shoes
57517,Formal Shoes
57518,Formal Shoes
57519,Sports Sandals
57520,Sports Sandals
57521,Formal Shoes
57522,Formal Shoes
57523,Formal Shoes
57524,Sports Sandals
57525,Sandals
57526,Formal Shoes
57527,Sandals
57528,Sandals
57529,Formal Shoes
57530,Sports Sandals
57531,Sandals
57532,Sports Sandals
57533,Casual Shoes
57534,Belts
57536,Belts
57539,Belts
57543,Earrings
57544,Earrings
57545,Earrings
57547,Lip Liner
57548,Lip Liner
57549,Lip Liner
57550,Lip Liner
57552,Lipstick
57553,Lipstick
57554,Lipstick
57555,Lipstick
57556,Lipstick
57557,Lipstick
57558,Lipstick
57559,Lipstick
57560,Lipstick
57561,Lipstick
57562,Lipstick
57563,Lipstick
57566,Lipstick
57567,Lipstick
57568,Lipstick
57569,Lipstick
57570,Lipstick
57571,Lipstick
57572,Lipstick
57573,Lipstick
57574,Lipstick
57575,Lipstick
57576,Lipstick
57577,Lipstick
57578,Lipstick
57579,Lipstick
57580,Earrings
57581,Lipstick
57582,Lipstick
57583,Lipstick
57584,Lipstick
57586,Lipstick
57587,Lipstick
57588,Lipstick
57589,Lipstick
57591,Lipstick
57592,Wallets
57593,Lipstick
57594,Lipstick
57595,Lipstick
57596,Lipstick
57597,Lipstick
57598,Lipstick
57599,Lipstick
57600,Lipstick
57601,Lipstick
57603,Lipstick
57604,Lipstick
57605,Lipstick
57606,Lipstick
57607,Perfume and Body Mist
57608,Perfume and Body Mist
57609,Shoe Accessories
57610,Shoe Accessories
57611,Shoe Accessories
57613,Tshirts
57614,Shoe Accessories
57615,Shoe Accessories
57616,Shoe Accessories
57617,Shoe Accessories
57619,Shoe Accessories
57620,Shoe Accessories
57621,Shoe Accessories
57622,Shoe Accessories
57623,Shoe Accessories
57624,Shoe Accessories
57625,Shoe Accessories
57627,Wallets
57628,Shoe Accessories
57629,Perfume and Body Mist
57630,Sports Shoes
57631,Lipstick
57632,Lipstick
57633,Lipstick
57634,Lipstick
57635,Perfume and Body Mist
57636,Wallets
57637,Lipstick
57638,Kajal and Eyeliner
57639,Perfume and Body Mist
57640,Wallets
57642,Wallets
57643,Perfume and Body Mist
57644,Lipstick
57645,Wallets
57646,Deodorant
57647,Wallets
57649,Kajal and Eyeliner
57650,Lipstick
57651,Wallets
57652,Perfume and Body Mist
57653,Lipstick
57654,Wallets
57655,Kajal and Eyeliner
57656,Kajal and Eyeliner
57657,Lipstick
57658,Kajal and Eyeliner
57660,Lipstick
57661,Wallets
57662,Lipstick
57664,Lipstick
57667,Lipstick
57668,Wallets
57669,Lipstick
57670,Wallets
57671,Kajal and Eyeliner
57672,Wallets
57673,Kajal and Eyeliner
57674,Perfume and Body Mist
57675,Perfume and Body Mist
57676,Earrings
57677,Sports Shoes
57678,Earrings
57679,Tops
57681,Tops
57683,Perfume and Body Mist
57685,Shoe Accessories
57687,Perfume and Body Mist
57689,Perfume and Body Mist
57690,Perfume and Body Mist
57691,Perfume and Body Mist
57692,Shoe Accessories
57694,Perfume and Body Mist
57696,Rompers
57697,Casual Shoes
57698,Sports Shoes
57699,Casual Shoes
57700,Casual Shoes
57701,Messenger Bag
57702,Wallets
57703,Perfume and Body Mist
57704,Perfume and Body Mist
57705,Perfume and Body Mist
57706,Kajal and Eyeliner
57707,Lip Liner
57708,Lip Liner
57709,Kajal and Eyeliner
57710,Lip Liner
57711,Kajal and Eyeliner
57712,Lip Liner
57713,Perfume and Body Mist
57714,Lip Liner
57715,Lip Liner
57716,Lip Liner
57717,Lip Liner
57718,Mobile Pouch
57719,Lip Liner
57720,Lip Liner
57721,Lip Liner
57724,Perfume and Body Mist
57725,Perfume and Body Mist
57727,Lip Liner
57728,Heels
57729,Heels
57730,Wallets
57731,Wallets
57732,Bangle
57733,Heels
57734,Wallets
57735,Shoe Accessories
57736,Shoe Accessories
57737,Rompers
57738,Tshirts
57739,Perfume and Body Mist
57740,Perfume and Body Mist
57741,Perfume and Body Mist
57742,Perfume and Body Mist
57743,Perfume and Body Mist
57744,Perfume and Body Mist
57745,Lipstick
57746,Lipstick
57747,Lipstick
57749,Perfume and Body Mist
57750,Perfume and Body Mist
57752,Perfume and Body Mist
57753,Perfume and Body Mist
57754,Deodorant
57755,Perfume and Body Mist
57756,Perfume and Body Mist
57757,Perfume and Body Mist
57758,Perfume and Body Mist
57759,Perfume and Body Mist
57760,Perfume and Body Mist
57761,Perfume and Body Mist
57762,Perfume and Body Mist
57763,Sports Shoes
57764,Perfume and Body Mist
57765,Perfume and Body Mist
57766,Perfume and Body Mist
57767,Tshirts
57768,Perfume and Body Mist
57770,Tshirts
57771,Perfume and Body Mist
57772,Perfume and Body Mist
57773,Sports Shoes
57774,Perfume and Body Mist
57776,Heels
57777,Shoe Accessories
57778,Tshirts
57779,Tshirts
57780,Lip Liner
57781,Wallets
57782,Sports Shoes
57783,Tshirts
57784,Heels
57785,Wallets
57786,Wallets
57787,Heels
57788,Heels
57789,Heels
57790,Heels
57791,Foundation and Primer
57792,Foundation and Primer
57793,Foundation and Primer
57794,Flip Flops
57795,Wallets
57796,Caps
57798,Perfume and Body Mist
57800,Perfume and Body Mist
57801,Perfume and Body Mist
57802,Tshirts
57803,Flip Flops
57804,Shoe Accessories
57805,Shoe Accessories
57810,Tshirts
57811,Tops
57812,Kurtas
57815,Tops
57816,Tops
57817,Tops
57818,Tops
57819,Shirts
57820,Dresses
57823,Tunics
57824,Jeggings
57832,Tops
57833,Tshirts
57834,Tops
57835,Shoe Accessories
57836,Cufflinks
57837,Wallets
57838,Mobile Pouch
57845,Wallets
57846,Clutches
57847,Wallets
57849,Heels
57850,Heels
57851,Sports Shoes
57852,Heels
57853,Flip Flops
57854,Heels
57855,Heels
57856,Flip Flops
57857,Heels
57858,Flip Flops
57859,Perfume and Body Mist
57860,Perfume and Body Mist
57861,Perfume and Body Mist
57862,Perfume and Body Mist
57863,Wallets
57864,Perfume and Body Mist
57865,Perfume and Body Mist
57866,Tshirts
57867,Perfume and Body Mist
57868,Tshirts
57869,Tshirts
57870,Perfume and Body Mist
57871,Perfume and Body Mist
57872,Tshirts
57873,Tshirts
57874,Tshirts
57875,Perfume and Body Mist
57876,Perfume and Body Mist
57877,Shoe Accessories
57878,Tshirts
57879,Gloves
57880,Tshirts
57881,Deodorant
57883,Shoe Accessories
57884,Wallets
57885,Headband
57886,Wallets
57887,Tshirts
57888,Sports Shoes
57889,Wallets
57890,Tshirts
57891,Kajal and Eyeliner
57892,Sports Shoes
57893,Trousers
57894,Jeans
57895,Kurtas
57896,Lounge Shorts
57897,Tshirts
57898,Dresses
57899,Jeans
57906,Shirts
57907,Socks
57908,Shirts
57909,Socks
57910,Socks
57911,Tshirts
57912,Socks
57913,Socks
57914,Earrings
57915,Socks
57916,Socks
57917,Shirts
57918,Socks
57919,Socks
57920,Booties
57921,Socks
57922,Jeans
57923,Jeans
57924,Jeans
57925,Jeans
57930,Tshirts
57931,Tshirts
57932,Tshirts
57933,Shirts
57934,Sandals
57935,Sandals
57936,Sports Shoes
57937,Sports Shoes
57938,Sandals
57939,Formal Shoes
57940,Casual Shoes
57941,Formal Shoes
57942,Formal Shoes
57943,Sports Shoes
57944,Sandals
57945,Sandals
57946,Casual Shoes
57947,Sports Shoes
57948,Casual Shoes
57949,Sports Shoes
57950,Formal Shoes
57952,Dresses
57953,Sarees
57954,Sarees
57956,Sarees
57957,Sarees
57958,Sarees
57959,Sarees
57960,Sarees
57961,Kurta Sets
57962,Kurta Sets
57963,Sarees
57964,Sarees
57965,Sarees
57966,Sarees
57967,Sarees
57968,Sarees
57969,Sarees
57970,Sarees
57971,Sarees
57972,Sarees
57973,Sarees
57974,Kurta Sets
57975,Sarees
57976,Sarees
57980,Skirts
57981,Tshirts
57982,Tops
57983,Shirts
57985,Tshirts
57986,Dresses
57987,Dresses
57988,Shirts
57989,Dresses
57990,Dresses
57991,Dresses
57992,Shirts
57993,Dresses
57994,Dresses
57995,Dresses
57996,Dresses
57997,Dresses
57998,Dresses
57999,Dresses
58000,Dresses
58001,Dresses
58002,Shirts
58003,Dresses
58004,Stoles
58005,Tops
58006,Tops
58007,Tops
58008,Tshirts
58009,Tops
58010,Tops
58011,Tshirts
58012,Tops
58013,Shirts
58014,Tops
58015,Shirts
58016,Earrings
58017,Earrings
58018,Earrings
58020,Heels
58022,Earrings
58023,Earrings
58024,Earrings
58027,Earrings
58028,Earrings
58030,Earrings
58032,Earrings
58035,Sports Shoes
58037,Earrings
58039,Handbags
58041,Lip Liner
58042,Cufflinks
58044,Cufflinks
58045,Earrings
58046,Cufflinks
58049,Earrings
58050,Earrings
58051,Earrings
58052,Earrings
58053,Earrings
58057,Earrings
58058,Necklace and Chains
58059,Earrings
58060,Earrings
58061,Earrings
58062,Earrings
58063,Earrings
58071,Earrings
58072,Kajal and Eyeliner
58073,Earrings
58074,Earrings
58075,Earrings
58076,Earrings
58078,Earrings
58085,Earrings
58086,Earrings
58087,Earrings
58093,Earrings
58096,Bangle
58097,Tops
58098,Perfume and Body Mist
58099,Bangle
58100,Gloves
58104,Earrings
58107,Earrings
58108,Earrings
58109,Earrings
58110,Earrings
58111,Earrings
58112,Bangle
58115,Earrings
58116,Earrings
58117,Ring
58118,Earrings
58121,Earrings
58123,Earrings
58128,Kajal and Eyeliner
58129,Earrings
58131,Earrings
58132,Earrings
58133,Lip Liner
58135,Ring
58136,Earrings
58137,Earrings
58138,Earrings
58139,Heels
58140,Earrings
58141,Earrings
58143,Backpacks
58144,Backpacks
58145,Backpacks
58146,Backpacks
58147,Socks
58148,Caps
58149,Caps
58150,Caps
58151,Caps
58152,Caps
58153,Caps
58154,Caps
58155,Handbags
58156,Handbags
58157,Handbags
58158,Dupatta
58159,Wallets
58160,Wallets
58161,Wallets
58162,Bangle
58163,Wallets
58164,Wallets
58165,Wallets
58166,Wallets
58167,Wallets
58168,Wallets
58169,Wallets
58170,Wallets
58171,Handbags
58172,Handbags
58173,Handbags
58174,Handbags
58175,Handbags
58176,Handbags
58177,Handbags
58178,Handbags
58179,Duffel Bag
58180,Handbags
58181,Handbags
58182,Handbags
58183,Handbags
58184,Handbags
58185,Handbags
58186,Handbags
58187,Handbags
58188,Handbags
58189,Handbags
58190,Handbags
58191,Handbags
58194,Handbags
58195,Tops
58196,Handbags
58200,Sports Shoes
58201,Wallets
58202,Belts
58203,Belts
58204,Belts
58205,Belts
58206,Belts
58207,Belts
58208,Belts
58209,Patiala
58210,Patiala
58211,Patiala
58212,Patiala
58213,Patiala
58214,Patiala
58215,Patiala
58216,Patiala
58218,Patiala
58220,Patiala
58222,Jeans
58225,Tshirts
58226,Sandals
58227,Sports Sandals
58229,Flip Flops
58231,Flip Flops
58232,Flip Flops
58233,Caps
58234,Wallets
58235,Wallets
58236,Handbags
58237,Wallets
58238,Wallets
58239,Wallets
58240,Clutches
58241,Wallets
58242,Wallets
58243,Wallets
58244,Wallets
58245,Wallets
58246,Wallets
58247,Wallets
58248,Wallets
58249,Wallets
58250,Wallets
58251,Wallets
58252,Wallets
58253,Wallets
58254,Wallets
58255,Clutches
58256,Wallets
58257,Wallets
58258,Wallets
58259,Messenger Bag
58260,Wallets
58261,Wallets
58262,Wallets
58263,Wallets
58264,Handbags
58265,Handbags
58266,Handbags
58267,Handbags
58268,Handbags
58269,Handbags
58270,Wallets
58271,Handbags
58272,Wallets
58273,Handbags
58274,Handbags
58275,Backpacks
58276,Handbags
58277,Messenger Bag
58278,Handbags
58279,Sports Shoes
58280,Handbags
58281,Wallets
58282,Backpacks
58283,Clutches
58284,Clutches
58286,Boxers
58291,Socks
58292,Socks
58293,Socks
58294,Socks
58295,Socks
58296,Socks
58297,Socks
58298,Socks
58299,Socks
58300,Socks
58301,Socks
58304,Socks
58305,Socks
58306,Socks
58307,Socks
58308,Socks
58309,Socks
58310,Socks
58311,Socks
58312,Watches
58313,Socks
58314,Socks
58315,Socks
58316,Socks
58317,Socks
58318,Perfume and Body Mist
58319,Socks
58320,Socks
58321,Socks
58322,Socks
58323,Socks
58324,Flip Flops
58325,Flip Flops
58326,Flip Flops
58327,Flip Flops
58328,Flip Flops
58329,Flip Flops
58330,Flip Flops
58331,Flip Flops
58332,Flip Flops
58333,Flip Flops
58334,Flip Flops
58335,Flip Flops
58336,Flip Flops
58337,Flip Flops
58338,Flip Flops
58339,Flip Flops
58340,Flip Flops
58349,Tshirts
58351,Tshirts
58357,Tshirts
58358,Tshirts
58372,Tshirts
58375,Tshirts
58381,Tshirts
58385,Tshirts
58394,Tshirts
58395,Tshirts
58411,Jeans
58418,Jeans
58425,Kurtas
58439,Tops
58444,Watches
58445,Watches
58446,Kurtas
58447,Watches
58448,Watches
58449,Watches
58450,Watches
58451,Watches
58452,Watches
58453,Watches
58454,Socks
58455,Watches
58456,Watches
58458,Tshirts
58459,Tshirts
58460,Tshirts
58463,Belts
58464,Belts
58465,Belts
58466,Belts
58467,Belts
58468,Belts
58470,Belts
58471,Wallets
58472,Wallets
58473,Wallets
58474,Wallets
58475,Wallets
58476,Wallets
58477,Wallets
58478,Wallets
58479,Wallets
58480,Wallets
58481,Wallets
58482,Wallets
58483,Wallets
58484,Wallets
58485,Wallets
58486,Wallets
58487,Wallets
58488,Heels
58489,Dresses
58490,Tops
58491,Shorts
58492,Tunics
58493,Dresses
58494,Kurtas
58495,Tops
58496,Tshirts
58497,Tops
58498,Tops
58499,Dresses
58500,Dresses
58501,Dresses
58502,Dresses
58503,Kurtas
58504,Kurtas
58505,Dresses
58506,Kurta Sets
58507,Tops
58508,Tshirts
58509,Dresses
58510,Dresses
58511,Tshirts
58512,Tunics
58513,Dresses
58514,Dresses
58515,Dresses
58516,Dresses
58517,Dresses
58518,Tshirts
58519,Kajal and Eyeliner
58520,Tops
58521,Socks
58522,Backpacks
58523,Sports Shoes
58524,Wallets
58525,Wallets
58526,Shirts
58527,Sunglasses
58528,Sunglasses
58529,Sunglasses
58530,Sunglasses
58531,Sunglasses
58532,Sunglasses
58533,Sunglasses
58534,Sunglasses
58535,Sunglasses
58536,Sunglasses
58537,Sunglasses
58538,Sunglasses
58539,Sunglasses
58540,Sunglasses
58541,Sunglasses
58542,Sunglasses
58543,Sunglasses
58544,Sunglasses
58545,Sunglasses
58546,Sunglasses
58547,Sunglasses
58548,Sunglasses
58549,Sunglasses
58550,Sunglasses
58551,Sunglasses
58552,Sunglasses
58553,Sunglasses
58555,Formal Shoes
58559,Tshirts
58560,Jeans
58561,Jeans
58562,Jeans
58563,Shirts
58565,Tshirts
58566,Tshirts
58567,Stockings
58569,Tshirts
58570,Tshirts
58571,Lounge Shorts
58573,Tshirts
58574,Tops
58576,Tshirts
58577,Tshirts
58581,Heels
58586,Necklace and Chains
58588,Ring
58589,Handbags
58590,Necklace and Chains
58591,Necklace and Chains
58600,Tops
58603,Jewellery Set
58605,Earrings
58606,Earrings
58607,Earrings
58608,Earrings
58609,Earrings
58610,Earrings
58611,Bangle
58612,Earrings
58614,Earrings
58615,Earrings
58616,Earrings
58618,Earrings
58619,Earrings
58620,Earrings
58621,Earrings
58622,Tshirts
58624,Tshirts
58625,Flip Flops
58626,Flip Flops
58627,Tshirts
58628,Belts
58629,Flip Flops
58634,Socks
58635,Socks
58636,Socks
58637,Socks
58638,Socks
58639,Socks
58640,Socks
58641,Socks
58642,Socks
58643,Dresses
58644,Dresses
58645,Kurtas
58646,Tshirts
58647,Dresses
58648,Tunics
58652,Tops
58653,Kurtas
58654,Kurtas
58655,Kurtas
58656,Dupatta
58657,Dupatta
58658,Dupatta
58659,Dupatta
58660,Dupatta
58661,Dupatta
58662,Stoles
58663,Dupatta
58664,Kurtas
58666,Kurtas
58667,Kurtas
58668,Dresses
58669,Dupatta
58670,Dresses
58671,Kurtas
58672,Kurtas
58673,Dupatta
58674,Kurtas
58675,Kurtas
58676,Tunics
58677,Dupatta
58678,Tunics
58680,Dresses
58681,Dupatta
58682,Kurtas
58683,Dupatta
58684,Kurtas
58685,Night suits
58686,Kurta Sets
58687,Dupatta
58689,Kurtas
58690,Dupatta
58691,Dupatta
58692,Dupatta
58693,Kurtas
58694,Kurtas
58695,Dupatta
58696,Dupatta
58698,Stoles
58700,Tops
58701,Kurtas
58702,Dresses
58703,Dresses
58718,Dupatta
58719,Dupatta
58720,Tshirts
58722,Tshirts
58723,Tshirts
58724,Tshirts
58725,Tshirts
58726,Tshirts
58727,Tshirts
58728,Tshirts
58729,Tshirts
58730,Tops
58731,Tshirts
58732,Tshirts
58734,Tshirts
58735,Tops
58736,Leggings
58737,Tops
58738,Tops
58740,Tshirts
58741,Tshirts
58742,Tshirts
58743,Tshirts
58744,Tshirts
58745,Socks
58765,Kurtis
58770,Shirts
58793,Shirts
58794,Shirts
58795,Shirts
58796,Shirts
58797,Shirts
58798,Shirts
58800,Shirts
58801,Shirts
58802,Shirts
58805,Shirts
58807,Tshirts
58808,Shirts
58809,Shirts
58810,Shirts
58815,Flip Flops
58816,Flip Flops
58817,Heels
58818,Sports Sandals
58819,Heels
58820,Sandals
58821,Watches
58822,Watches
58823,Watches
58825,Socks
58827,Watches
58828,Watches
58829,Pendant
58830,Tshirts
58831,Watches
58832,Watches
58833,Cufflinks
58834,Cufflinks
58835,Cufflinks
58836,Ring
58837,Cufflinks
58838,Earrings
58839,Cufflinks
58840,Cufflinks
58841,Cufflinks
58842,Cufflinks
58843,Bangle
58844,Cufflinks
58845,Cufflinks
58846,Bangle
58847,Cufflinks
58848,Cufflinks
58849,Cufflinks
58850,Cufflinks
58851,Cufflinks
58852,Flip Flops
58853,Cufflinks
58854,Cufflinks
58855,Earrings
58856,Cufflinks
58857,Flip Flops
58858,Cufflinks
58859,Cufflinks
58860,Cufflinks
58861,Cufflinks
58862,Cufflinks
58863,Cufflinks
58864,Bangle
58865,Earrings
58867,Earrings
58868,Earrings
58869,Cufflinks
58870,Cufflinks
58871,Cufflinks
58872,Ties
58873,Ties
58874,Ties
58875,Ties
58876,Ties
58877,Ties
58878,Ties
58879,Ties
58880,Perfume and Body Mist
58881,Ties
58882,Ties
58883,Ties
58884,Perfume and Body Mist
58885,Ties
58886,Perfume and Body Mist
58887,Perfume and Body Mist
58888,Perfume and Body Mist
58889,Ties
58890,Ties
58891,Perfume and Body Mist
58892,Ties
58893,Ties
58894,Ties
58895,Ties
58896,Ties
58897,Ties
58898,Ties
58899,Ties
58900,Ties
58901,Ties
58902,Ties
58903,Ties
58904,Ties
58905,Ties
58906,Ties
58907,Ties
58908,Ties
58909,Ties
58910,Ties
58911,Ties
58912,Ties
58913,Ties
58914,Ties
58915,Ties
58916,Ties
58917,Ties
58918,Ties
58919,Ties
58920,Messenger Bag
58921,Messenger Bag
58922,Accessory Gift Set
58923,Messenger Bag
58924,Accessory Gift Set
58925,Mobile Pouch
58926,Handbags
58928,Messenger Bag
58931,Clutches
58932,Clutches
58934,Watches
58935,Watches
58937,Watches
58939,Watches
58940,Watches
58941,Watches
58942,Perfume and Body Mist
58943,Perfume and Body Mist
58944,Perfume and Body Mist
58945,Perfume and Body Mist
58946,Perfume and Body Mist
58947,Deodorant
58948,Deodorant
58949,Perfume and Body Mist
58950,Deodorant
58951,Deodorant
58952,Perfume and Body Mist
58954,Deodorant
58955,Deodorant
58956,Deodorant
58958,Deodorant
58959,Deodorant
58960,Perfume and Body Mist
58961,Perfume and Body Mist
58962,Perfume and Body Mist
58963,Deodorant
58964,Deodorant
58965,Perfume and Body Mist
58966,Perfume and Body Mist
58967,Deodorant
58968,Perfume and Body Mist
58969,Deodorant
58970,Perfume and Body Mist
58971,Perfume and Body Mist
58972,Deodorant
58973,Perfume and Body Mist
58974,Deodorant
58975,Deodorant
58976,Perfume and Body Mist
58977,Deodorant
58978,Deodorant
58979,Deodorant
58980,Deodorant
58981,Deodorant
58982,Deodorant
58983,Deodorant
58984,Deodorant
58985,Deodorant
58986,Deodorant
58987,Deodorant
58988,Deodorant
58989,Perfume and Body Mist
58990,Perfume and Body Mist
58991,Deodorant
58992,Deodorant
59002,Deodorant
59003,Deodorant
59004,Deodorant
59005,Deodorant
59006,Deodorant
59008,Sports Shoes
59010,Sports Shoes
59011,Sports Shoes
59012,Sports Shoes
59013,Sports Shoes
59014,Sports Shoes
59015,Sports Shoes
59016,Sports Shoes
59017,Flip Flops
59018,Heels
59019,Heels
59020,Heels
59021,Heels
59022,Heels
59023,Flip Flops
59024,Flip Flops
59025,Heels
59026,Heels
59027,Heels
59028,Heels
59029,Heels
59030,Handbags
59031,Heels
59032,Heels
59033,Heels
59034,Heels
59035,Heels
59036,Flip Flops
59037,Flip Flops
59038,Flip Flops
59039,Flip Flops
59040,Flip Flops
59042,Duffel Bag
59043,Heels
59044,Heels
59045,Sports Shoes
59046,Handbags
59047,Handbags
59048,Heels
59049,Handbags
59050,Heels
59051,Sports Sandals
59052,Heels
59053,Heels
59054,Messenger Bag
59055,Sports Sandals
59056,Sports Shoes
59058,Shirts
59059,Kurtas
59060,Kurtas
59061,Dresses
59062,Shirts
59063,Kurtas
59064,Bra
59065,Bra
59066,Bra
59067,Bra
59068,Tshirts
59069,Bra
59070,Bra
59071,Bra
59072,Bra
59073,Bra
59074,Bra
59075,Bra
59076,Bra
59077,Bra
59078,Briefs
59079,Briefs
59080,Briefs
59081,Bra
59082,Bra
59083,Bra
59084,Bra
59085,Briefs
59086,Briefs
59087,Bra
59088,Bra
59089,Briefs
59090,Bra
59091,Bra
59092,Bra
59093,Bra
59094,Bra
59095,Bra
59096,Bra
59097,Bra
59098,Bra
59099,Briefs
59100,Briefs
59101,Briefs
59102,Sweaters
59103,Shirts
59104,Shirts
59105,Tshirts
59106,Shirts
59112,Sweatshirts
59115,Sweaters
59116,Sweatshirts
59117,Shirts
59118,Jackets
59119,Jackets
59120,Jackets
59121,Shirts
59122,Shirts
59123,Jackets
59124,Sweatshirts
59126,Shirts
59127,Sweaters
59128,Jackets
59129,Tshirts
59130,Jackets
59131,Sweatshirts
59132,Shirts
59133,Stoles
59142,Heels
59143,Heels
59144,Flip Flops
59145,Heels
59146,Sports Sandals
59147,Heels
59149,Formal Shoes
59160,Formal Shoes
59161,Formal Shoes
59165,Flip Flops
59166,Formal Shoes
59167,Formal Shoes
59172,Sandals
59173,Formal Shoes
59174,Sandals
59175,Sports Sandals
59176,Casual Shoes
59177,Casual Shoes
59178,Formal Shoes
59181,Sandals
59185,Flip Flops
59187,Heels
59188,Heels
59190,Flip Flops
59212,Heels
59213,Watches
59214,Watches
59215,Watches
59216,Watches
59217,Watches
59218,Socks
59219,Watches
59220,Dresses
59221,Perfume and Body Mist
59222,Lip Liner
59223,Watches
59224,Perfume and Body Mist
59225,Socks
59226,Watches
59227,Watches
59228,Tshirts
59229,Socks
59230,Watches
59231,Watches
59232,Watches
59233,Watches
59235,Watches
59236,Watches
59237,Watches
59238,Watches
59239,Watches
59240,Watches
59241,Watches
59242,Watches
59243,Watches
59244,Watches
59245,Watches
59246,Watches
59247,Watches
59248,Watches
59249,Watches
59250,Watches
59251,Watches
59252,Watches
59253,Watches
59254,Watches
59255,Watches
59256,Watches
59257,Watches
59258,Perfume and Body Mist
59259,Watches
59260,Watches
59261,Pendant
59262,Watches
59263,Watches
59264,Watches
59265,Dresses
59266,Watches
59267,Watches
59268,Highlighter and Blush
59269,Watches
59270,Watches
59271,Watches
59272,Watches
59273,Pendant
59274,Watches
59275,Watches
59276,Watches
59277,Watches
59278,Watches
59279,Pendant
59280,Perfume and Body Mist
59281,Watches
59282,Tshirts
59283,Watches
59284,Watches
59286,Watches
59287,Perfume and Body Mist
59290,Socks
59291,Watches
59292,Socks
59293,Socks
59294,Shirts
59295,Shirts
59296,Shirts
59297,Shirts
59298,Shirts
59299,Shirts
59300,Tshirts
59301,Tshirts
59302,Tshirts
59303,Shirts
59304,Shirts
59305,Shirts
59306,Tshirts
59311,Sports Sandals
59312,Sports Sandals
59315,Casual Shoes
59323,Sports Sandals
59324,Sports Shoes
59326,Formal Shoes
59329,Sports Shoes
59330,Casual Shoes
59338,Formal Shoes
59342,Formal Shoes
59349,Sandals
59352,Kurtas
59353,Kurtas
59354,Kurtas
59355,Kurtas
59356,Kurtas
59357,Kurtas
59358,Dresses
59359,Tunics
59360,Kurtas
59361,Kurtas
59362,Kurtas
59363,Kurtas
59364,Kurtas
59365,Tunics
59366,Kurtas
59367,Kurtas
59368,Kurtas
59369,Kurtas
59370,Kurtas
59371,Kurtas
59372,Kurtas
59373,Dresses
59374,Kurtas
59375,Kurtas
59376,Kurtas
59377,Kurtas
59378,Kurtas
59379,Kurtas
59380,Kurtas
59381,Kurtas
59382,Kurtas
59383,Kurtas
59387,Flip Flops
59388,Flip Flops
59390,Formal Shoes
59396,Sports Shoes
59399,Tops
59400,Kurtas
59403,Dresses
59404,Tops
59405,Stoles
59407,Dupatta
59410,Tops
59413,Tshirts
59418,Tops
59421,Tops
59422,Tshirts
59428,Handbags
59430,Handbags
59432,Handbags
59433,Duffel Bag
59435,Sports Shoes
59436,Heels
59437,Heels
59439,Shirts
59440,Shirts
59441,Shirts
59442,Shirts
59443,Shirts
59444,Shirts
59445,Shirts
59446,Shirts
59448,Shirts
59451,Shirts
59452,Shirts
59453,Shirts
59454,Shirts
59455,Heels
59456,Kajal and Eyeliner
59457,Bangle
59458,Bangle
59459,Bracelet
59460,Earrings
59461,Ring
59462,Ring
59463,Pendant
59464,Ring
59465,Ring
59466,Bangle
59467,Ring
59468,Ring
59469,Lipstick
59470,Shoe Accessories
59471,Ring
59474,Ring
59481,Ring
59484,Earrings
59498,Necklace and Chains
59499,Necklace and Chains
59501,Pendant
59502,Necklace and Chains
59503,Earrings
59504,Necklace and Chains
59505,Pendant
59507,Necklace and Chains
59508,Pendant
59509,Pendant
59510,Ring
59511,Pendant
59512,Pendant
59513,Pendant
59514,Necklace and Chains
59515,Necklace and Chains
59516,Necklace and Chains
59518,Kajal and Eyeliner
59519,Bra
59520,Earrings
59521,Earrings
59522,Kajal and Eyeliner
59523,Earrings
59524,Earrings
59525,Earrings
59526,Earrings
59527,Earrings
59528,Earrings
59529,Earrings
59530,Earrings
59531,Earrings
59532,Earrings
59533,Earrings
59534,Earrings
59535,Earrings
59537,Earrings
59541,Earrings
59543,Earrings
59544,Ring
59545,Earrings
59546,Earrings
59547,Earrings
59550,Ring
59551,Ring
59552,Bracelet
59553,Bracelet
59554,Bracelet
59555,Bracelet
59556,Bracelet
59557,Bracelet
59558,Bracelet
59559,Bracelet
59560,Bracelet
59561,Tops
59563,Bangle
59564,Wallets
59565,Wallets
59566,Tshirts
59567,Flip Flops
59568,Cufflinks
59569,Cufflinks
59570,Cufflinks
59571,Cufflinks
59572,Bracelet
59573,Cufflinks
59574,Bangle
59575,Cufflinks
59576,Perfume and Body Mist
59577,Cufflinks
59578,Wallets
59579,Cufflinks
59580,Caps
59581,Cufflinks
59582,Cufflinks
59583,Ring
59584,Cufflinks
59585,Flip Flops
59586,Earrings
59587,Heels
59589,Sarees
59590,Sarees
59591,Kurta Sets
59592,Kurta Sets
59593,Sarees
59594,Sarees
59595,Sarees
59596,Sarees
59597,Sarees
59598,Sarees
59599,Sarees
59600,Sarees
59601,Sarees
59603,Sarees
59604,Sarees
59606,Sarees
59607,Kurta Sets
59608,Sarees
59609,Sarees
59610,Sarees
59611,Sarees
59612,Sarees
59613,Sarees
59614,Sarees
59615,Sarees
59616,Sarees
59618,Sarees
59619,Sarees
59620,Sarees
59621,Sarees
59622,Sarees
59623,Dresses
59624,Kurta Sets
59625,Sarees
59626,Kurta Sets
59628,Sarees
59630,Sarees
59631,Sarees
59632,Sarees
59633,Sarees
59634,Sarees
59635,Sarees
59636,Sarees
59637,Sarees
59638,Sarees
59639,Sarees
59640,Sarees
59641,Sarees
59642,Sarees
59643,Kurta Sets
59644,Sarees
59645,Sarees
59646,Sarees
59647,Kurta Sets
59648,Sarees
59649,Night suits
59650,Sarees
59651,Watches
59652,Sarees
59653,Sarees
59654,Sarees
59655,Sarees
59656,Sarees
59657,Kurta Sets
59658,Sarees
59659,Kurta Sets
59660,Sarees
59661,Sarees
59662,Sarees
59663,Sarees
59664,Sarees
59665,Dresses
59666,Kurta Sets
59667,Sarees
59668,Sarees
59669,Sarees
59670,Sarees
59672,Sarees
59673,Sarees
59674,Sarees
59675,Flip Flops
59676,Heels
59677,Briefs
59678,Briefs
59679,Briefs
59680,Briefs
59681,Briefs
59682,Briefs
59683,Briefs
59684,Briefs
59685,Briefs
59686,Briefs
59687,Briefs
59688,Briefs
59689,Bra
59690,Bra
59691,Bra
59692,Bra
59693,Bra
59694,Briefs
59695,Briefs
59696,Briefs
59697,Dresses
59698,Tops
59699,Bra
59700,Bra
59701,Briefs
59702,Tops
59703,Boxers
59704,Boxers
59705,Bra
59706,Bra
59707,Briefs
59708,Briefs
59709,Briefs
59710,Briefs
59711,Briefs
59712,Tops
59713,Dresses
59714,Tops
59715,Tops
59716,Tops
59717,Bra
59718,Bra
59719,Bra
59720,Bra
59721,Bra
59722,Briefs
59723,Bra
59724,Bra
59725,Bra
59726,Bra
59727,Bra
59728,Bra
59729,Bra
59730,Bra
59731,Bra
59732,Bra
59733,Tshirts
59734,Briefs
59735,Briefs
59736,Briefs
59739,Bra
59740,Bra
59741,Bra
59742,Briefs
59743,Boxers
59744,Tops
59745,Tops
59746,Dupatta
59747,Night suits
59748,Night suits
59749,Night suits
59750,Bra
59751,Briefs
59752,Briefs
59753,Briefs
59754,Dresses
59755,Briefs
59756,Tops
59757,Flip Flops
59758,Flip Flops
59759,Heels
59760,Heels
59761,Heels
59762,Heels
59763,Heels
59764,Heels
59765,Earrings
59766,Earrings
59767,Earrings
59768,Backpacks
59769,Necklace and Chains
59770,Earrings
59771,Necklace and Chains
59772,Earrings
59773,Jewellery Set
59774,Necklace and Chains
59775,Bracelet
59776,Bracelet
59777,Bracelet
59778,Bracelet
59779,Bracelet
59780,Bracelet
59781,Bracelet
59782,Bracelet
59783,Bracelet
59784,Bracelet
59794,Dresses
59795,Tunics
59796,Tshirts
59797,Tshirts
59810,Tshirts
59811,Kurtas
59813,Trousers
59814,Jeans
59819,Shirts
59824,Shirts
59826,Shirts
59827,Shirts
59832,Shirts
59833,Shirts
59834,Tshirts
59838,Tshirts
59839,Fragrance Gift Set
59851,Perfume and Body Mist
59853,Sports Shoes
59856,Tshirts
59858,Perfume and Body Mist
59859,Handbags
59860,Caps
59862,Tshirts
59863,Sports Shoes
59866,Perfume and Body Mist
59872,Tops
59873,Lounge Shorts
59874,Shirts
59875,Shirts
59876,Sarees
59877,Stockings
59878,Jeans
59879,Stockings
59880,Lounge Pants
59881,Stockings
59882,Tops
59883,Tops
59884,Tops
59885,Tops
59886,Tops
59887,Tops
59888,Tops
59889,Tops
59890,Tshirts
59891,Tshirts
59892,Tops
59893,Shirts
59894,Tshirts
59895,Tops
59896,Kurta Sets
59897,Kurta Sets
59898,Tshirts
59900,Sweaters
59901,Tops
59902,Tops
59903,Tops
59904,Tops
59905,Tops
59906,Kurtas
59907,Shirts
59908,Kurta Sets
59909,Kurta Sets
59910,Kurtas
59911,Dresses
59912,Dresses
59914,Tops
59915,Kurtas
59916,Kurtas
59917,Kurtas
59918,Kurtas
59919,Dresses
59920,Dresses
59921,Kurtas
59922,Kurtas
59923,Kurtas
59924,Dresses
59925,Kurtas
59926,Dresses
59927,Dresses
59928,Dresses
59929,Kurtas
59930,Kurtas
59931,Kurtas
59932,Kurtas
59933,Kurtas
59934,Dresses
59935,Casual Shoes
59936,Casual Shoes
59937,Casual Shoes
59938,Casual Shoes
59939,Casual Shoes
59940,Casual Shoes
59941,Casual Shoes
59942,Casual Shoes
59943,Casual Shoes
59944,Sports Shoes
59945,Casual Shoes
59946,Perfume and Body Mist
59947,Perfume and Body Mist
59948,Deodorant
59949,Perfume and Body Mist
59950,Deodorant
59951,Perfume and Body Mist
59961,Deodorant
59962,Perfume and Body Mist
59963,Kurta Sets
59964,Dresses
59965,Dupatta
59966,Dresses
59967,Dresses
59968,Tops
59969,Tops
59970,Tops
59971,Dresses
59972,Dupatta
59973,Tops
59974,Tops
59975,Tops
59976,Dupatta
59977,Dresses
59978,Dupatta
59979,Dupatta
59980,Dresses
59981,Dupatta
59982,Dresses
59983,Kurtas
59984,Dresses
59985,Dresses
59986,Dresses
59987,Dupatta
59988,Tops
59989,Dresses
59990,Tops
59991,Dresses
59992,Dresses
59993,Tshirts
59994,Dresses
59995,Sweaters
59996,Dupatta
59998,Flip Flops
59999,Flip Flops
60000,Kurtas
