query_id,query_articleType,query_path,rank,retrieved_id,retrieved_articleType,retrieved_path,distance
42656,Kurtas,./A2_FashionDataset/FashionDataset/train/images_train/42656.jpg,1,26881,Tshirts,./A2_FashionDataset/FashionDataset/train/images_train/26881.jpg,0.06683579
42656,Kurtas,./A2_FashionDataset/FashionDataset/train/images_train/42656.jpg,2,11437,Tops,./A2_FashionDataset/FashionDataset/train/images_train/11437.jpg,0.081936434
42656,Kurtas,./A2_FashionDataset/FashionDataset/train/images_train/42656.jpg,3,6093,Tops,./A2_FashionDataset/FashionDataset/train/images_train/6093.jpg,0.101423554
42656,Kurtas,./A2_FashionDataset/FashionDataset/train/images_train/42656.jpg,4,37723,Shirts,./A2_FashionDataset/FashionDataset/train/images_train/37723.jpg,0.10227767
42656,Kurtas,./A2_FashionDataset/FashionDataset/train/images_train/42656.jpg,5,39473,Kurtis,./A2_FashionDataset/FashionDataset/train/images_train/39473.jpg,0.10950728
25000,Capris,./A2_FashionDataset/FashionDataset/train/images_train/25000.jpg,1,13627,Lounge Shorts,./A2_FashionDataset/FashionDataset/train/images_train/13627.jpg,0.03236228
25000,Capris,./A2_FashionDataset/FashionDataset/train/images_train/25000.jpg,2,26990,Shorts,./A2_FashionDataset/FashionDataset/train/images_train/26990.jpg,0.039086357
25000,Capris,./A2_FashionDataset/FashionDataset/train/images_train/25000.jpg,3,51994,Lounge Shorts,./A2_FashionDataset/FashionDataset/train/images_train/51994.jpg,0.040621094
25000,Capris,./A2_FashionDataset/FashionDataset/train/images_train/25000.jpg,4,19242,Capris,./A2_FashionDataset/FashionDataset/train/images_train/19242.jpg,0.05222473
25000,Capris,./A2_FashionDataset/FashionDataset/train/images_train/25000.jpg,5,6566,Shorts,./A2_FashionDataset/FashionDataset/train/images_train/6566.jpg,0.05569744
24523,Kurtas,./A2_FashionDataset/FashionDataset/train/images_train/24523.jpg,1,26885,Tops,./A2_FashionDataset/FashionDataset/train/images_train/26885.jpg,0.026710168
24523,Kurtas,./A2_FashionDataset/FashionDataset/train/images_train/24523.jpg,2,11591,Kurtas,./A2_FashionDataset/FashionDataset/train/images_train/11591.jpg,0.043440554
24523,Kurtas,./A2_FashionDataset/FashionDataset/train/images_train/24523.jpg,3,7418,Kurtas,./A2_FashionDataset/FashionDataset/train/images_train/7418.jpg,0.04474958
24523,Kurtas,./A2_FashionDataset/FashionDataset/train/images_train/24523.jpg,4,24242,Kurtis,./A2_FashionDataset/FashionDataset/train/images_train/24242.jpg,0.052764565
24523,Kurtas,./A2_FashionDataset/FashionDataset/train/images_train/24523.jpg,5,24363,Kurtas,./A2_FashionDataset/FashionDataset/train/images_train/24363.jpg,0.053664282
29906,Watches,./A2_FashionDataset/FashionDataset/train/images_train/29906.jpg,1,40958,Tshirts,./A2_FashionDataset/FashionDataset/train/images_train/40958.jpg,0.14491963
29906,Watches,./A2_FashionDataset/FashionDataset/train/images_train/29906.jpg,2,2354,Basketballs,./A2_FashionDataset/FashionDataset/train/images_train/2354.jpg,0.16817132
29906,Watches,./A2_FashionDataset/FashionDataset/train/images_train/29906.jpg,3,23616,Perfume and Body Mist,./A2_FashionDataset/FashionDataset/train/images_train/23616.jpg,0.16867575
29906,Watches,./A2_FashionDataset/FashionDataset/train/images_train/29906.jpg,4,5407,Sports Shoes,./A2_FashionDataset/FashionDataset/train/images_train/5407.jpg,0.17086048
29906,Watches,./A2_FashionDataset/FashionDataset/train/images_train/29906.jpg,5,39877,Backpacks,./A2_FashionDataset/FashionDataset/train/images_train/39877.jpg,0.18399794
24172,Kurtis,./A2_FashionDataset/FashionDataset/train/images_train/24172.jpg,1,34916,Dupatta,./A2_FashionDataset/FashionDataset/train/images_train/34916.jpg,0.031278946
24172,Kurtis,./A2_FashionDataset/FashionDataset/train/images_train/24172.jpg,2,50329,Kurtas,./A2_FashionDataset/FashionDataset/train/images_train/50329.jpg,0.04074435
24172,Kurtis,./A2_FashionDataset/FashionDataset/train/images_train/24172.jpg,3,39451,Kurtas,./A2_FashionDataset/FashionDataset/train/images_train/39451.jpg,0.050794195
24172,Kurtis,./A2_FashionDataset/FashionDataset/train/images_train/24172.jpg,4,46256,Tops,./A2_FashionDataset/FashionDataset/train/images_train/46256.jpg,0.05384293
24172,Kurtis,./A2_FashionDataset/FashionDataset/train/images_train/24172.jpg,5,36739,Tshirts,./A2_FashionDataset/FashionDataset/train/images_train/36739.jpg,0.058456793
3066,Tshirts,./A2_FashionDataset/FashionDataset/train/images_train/3066.jpg,1,21647,Bra,./A2_FashionDataset/FashionDataset/train/images_train/21647.jpg,0.12662847
3066,Tshirts,./A2_FashionDataset/FashionDataset/train/images_train/3066.jpg,2,27143,Bra,./A2_FashionDataset/FashionDataset/train/images_train/27143.jpg,0.15110216
3066,Tshirts,./A2_FashionDataset/FashionDataset/train/images_train/3066.jpg,3,27145,Bra,./A2_FashionDataset/FashionDataset/train/images_train/27145.jpg,0.1565573
3066,Tshirts,./A2_FashionDataset/FashionDataset/train/images_train/3066.jpg,4,3088,Tshirts,./A2_FashionDataset/FashionDataset/train/images_train/3088.jpg,0.15837783
3066,Tshirts,./A2_FashionDataset/FashionDataset/train/images_train/3066.jpg,5,51400,Shirts,./A2_FashionDataset/FashionDataset/train/images_train/51400.jpg,0.16154182
7796,Tshirts,./A2_FashionDataset/FashionDataset/train/images_train/7796.jpg,1,7963,Tshirts,./A2_FashionDataset/FashionDataset/train/images_train/7963.jpg,0.030513993
7796,Tshirts,./A2_FashionDataset/FashionDataset/train/images_train/7796.jpg,2,7945,Tshirts,./A2_FashionDataset/FashionDataset/train/images_train/7945.jpg,0.04211978
7796,Tshirts,./A2_FashionDataset/FashionDataset/train/images_train/7796.jpg,3,4838,Tshirts,./A2_FashionDataset/FashionDataset/train/images_train/4838.jpg,0.055194415
7796,Tshirts,./A2_FashionDataset/FashionDataset/train/images_train/7796.jpg,4,25394,Innerwear Vests,./A2_FashionDataset/FashionDataset/train/images_train/25394.jpg,0.059517793
7796,Tshirts,./A2_FashionDataset/FashionDataset/train/images_train/7796.jpg,5,4766,Tshirts,./A2_FashionDataset/FashionDataset/train/images_train/4766.jpg,0.06285015
15742,Sports Shoes,./A2_FashionDataset/FashionDataset/train/images_train/15742.jpg,1,28661,Sports Shoes,./A2_FashionDataset/FashionDataset/train/images_train/28661.jpg,0.026746646
15742,Sports Shoes,./A2_FashionDataset/FashionDataset/train/images_train/15742.jpg,2,28613,Sports Shoes,./A2_FashionDataset/FashionDataset/train/images_train/28613.jpg,0.028244542
15742,Sports Shoes,./A2_FashionDataset/FashionDataset/train/images_train/15742.jpg,3,18667,Sports Shoes,./A2_FashionDataset/FashionDataset/train/images_train/18667.jpg,0.038588982
15742,Sports Shoes,./A2_FashionDataset/FashionDataset/train/images_train/15742.jpg,4,8299,Sports Shoes,./A2_FashionDataset/FashionDataset/train/images_train/8299.jpg,0.042056173
15742,Sports Shoes,./A2_FashionDataset/FashionDataset/train/images_train/15742.jpg,5,15224,Casual Shoes,./A2_FashionDataset/FashionDataset/train/images_train/15224.jpg,0.044273265
17073,Belts,./A2_FashionDataset/FashionDataset/train/images_train/17073.jpg,1,38488,Belts,./A2_FashionDataset/FashionDataset/train/images_train/38488.jpg,0.020810248
17073,Belts,./A2_FashionDataset/FashionDataset/train/images_train/17073.jpg,2,38411,Belts,./A2_FashionDataset/FashionDataset/train/images_train/38411.jpg,0.028069653
17073,Belts,./A2_FashionDataset/FashionDataset/train/images_train/17073.jpg,3,18606,Belts,./A2_FashionDataset/FashionDataset/train/images_train/18606.jpg,0.03166192
17073,Belts,./A2_FashionDataset/FashionDataset/train/images_train/17073.jpg,4,17074,Belts,./A2_FashionDataset/FashionDataset/train/images_train/17074.jpg,0.04455588
17073,Belts,./A2_FashionDataset/FashionDataset/train/images_train/17073.jpg,5,42909,Belts,./A2_FashionDataset/FashionDataset/train/images_train/42909.jpg,0.054934315
38037,Watches,./A2_FashionDataset/FashionDataset/train/images_train/38037.jpg,1,23290,Watches,./A2_FashionDataset/FashionDataset/train/images_train/23290.jpg,0.01794738
38037,Watches,./A2_FashionDataset/FashionDataset/train/images_train/38037.jpg,2,10109,Watches,./A2_FashionDataset/FashionDataset/train/images_train/10109.jpg,0.01956081
38037,Watches,./A2_FashionDataset/FashionDataset/train/images_train/38037.jpg,3,11222,Watches,./A2_FashionDataset/FashionDataset/train/images_train/11222.jpg,0.026435446
38037,Watches,./A2_FashionDataset/FashionDataset/train/images_train/38037.jpg,4,45876,Watches,./A2_FashionDataset/FashionDataset/train/images_train/45876.jpg,0.027286313
38037,Watches,./A2_FashionDataset/FashionDataset/train/images_train/38037.jpg,5,19251,Watches,./A2_FashionDataset/FashionDataset/train/images_train/19251.jpg,0.029679935
51601,Jeans,./A2_FashionDataset/FashionDataset/train/images_train/51601.jpg,1,27024,Jeans,./A2_FashionDataset/FashionDataset/train/images_train/27024.jpg,0.02272114
51601,Jeans,./A2_FashionDataset/FashionDataset/train/images_train/51601.jpg,2,26993,Jeans,./A2_FashionDataset/FashionDataset/train/images_train/26993.jpg,0.024035588
51601,Jeans,./A2_FashionDataset/FashionDataset/train/images_train/51601.jpg,3,11301,Jeans,./A2_FashionDataset/FashionDataset/train/images_train/11301.jpg,0.024093097
51601,Jeans,./A2_FashionDataset/FashionDataset/train/images_train/51601.jpg,4,11318,Jeans,./A2_FashionDataset/FashionDataset/train/images_train/11318.jpg,0.025641583
51601,Jeans,./A2_FashionDataset/FashionDataset/train/images_train/51601.jpg,5,9150,Jeans,./A2_FashionDataset/FashionDataset/train/images_train/9150.jpg,0.031069903
37657,Socks,./A2_FashionDataset/FashionDataset/train/images_train/37657.jpg,1,29115,Socks,./A2_FashionDataset/FashionDataset/train/images_train/29115.jpg,0.19169334
37657,Socks,./A2_FashionDataset/FashionDataset/train/images_train/37657.jpg,2,19499,Socks,./A2_FashionDataset/FashionDataset/train/images_train/19499.jpg,0.33016127
37657,Socks,./A2_FashionDataset/FashionDataset/train/images_train/37657.jpg,3,6746,Sports Shoes,./A2_FashionDataset/FashionDataset/train/images_train/6746.jpg,0.43635446
37657,Socks,./A2_FashionDataset/FashionDataset/train/images_train/37657.jpg,4,15504,Casual Shoes,./A2_FashionDataset/FashionDataset/train/images_train/15504.jpg,0.45331514
37657,Socks,./A2_FashionDataset/FashionDataset/train/images_train/37657.jpg,5,32037,Socks,./A2_FashionDataset/FashionDataset/train/images_train/32037.jpg,0.4756192
24072,Casual Shoes,./A2_FashionDataset/FashionDataset/train/images_train/24072.jpg,1,15524,Heels,./A2_FashionDataset/FashionDataset/train/images_train/15524.jpg,0.01429144
24072,Casual Shoes,./A2_FashionDataset/FashionDataset/train/images_train/24072.jpg,2,11834,Casual Shoes,./A2_FashionDataset/FashionDataset/train/images_train/11834.jpg,0.019710053
24072,Casual Shoes,./A2_FashionDataset/FashionDataset/train/images_train/24072.jpg,3,6430,Casual Shoes,./A2_FashionDataset/FashionDataset/train/images_train/6430.jpg,0.020088457
24072,Casual Shoes,./A2_FashionDataset/FashionDataset/train/images_train/24072.jpg,4,41724,Heels,./A2_FashionDataset/FashionDataset/train/images_train/41724.jpg,0.020114524
24072,Casual Shoes,./A2_FashionDataset/FashionDataset/train/images_train/24072.jpg,5,43878,Casual Shoes,./A2_FashionDataset/FashionDataset/train/images_train/43878.jpg,0.020816308
28757,Kurtas,./A2_FashionDataset/FashionDataset/train/images_train/28757.jpg,1,8450,Tops,./A2_FashionDataset/FashionDataset/train/images_train/8450.jpg,0.020899681
28757,Kurtas,./A2_FashionDataset/FashionDataset/train/images_train/28757.jpg,2,43630,Shirts,./A2_FashionDataset/FashionDataset/train/images_train/43630.jpg,0.022959694
28757,Kurtas,./A2_FashionDataset/FashionDataset/train/images_train/28757.jpg,3,28758,Kurtas,./A2_FashionDataset/FashionDataset/train/images_train/28758.jpg,0.025536884
28757,Kurtas,./A2_FashionDataset/FashionDataset/train/images_train/28757.jpg,4,12083,Kurtas,./A2_FashionDataset/FashionDataset/train/images_train/12083.jpg,0.027827097
28757,Kurtas,./A2_FashionDataset/FashionDataset/train/images_train/28757.jpg,5,37183,Tshirts,./A2_FashionDataset/FashionDataset/train/images_train/37183.jpg,0.028288094
29977,Watches,./A2_FashionDataset/FashionDataset/train/images_train/29977.jpg,1,47977,Watches,./A2_FashionDataset/FashionDataset/train/images_train/47977.jpg,0.006724134
29977,Watches,./A2_FashionDataset/FashionDataset/train/images_train/29977.jpg,2,18533,Watches,./A2_FashionDataset/FashionDataset/train/images_train/18533.jpg,0.014325336
29977,Watches,./A2_FashionDataset/FashionDataset/train/images_train/29977.jpg,3,10316,Watches,./A2_FashionDataset/FashionDataset/train/images_train/10316.jpg,0.016740624
29977,Watches,./A2_FashionDataset/FashionDataset/train/images_train/29977.jpg,4,21480,Watches,./A2_FashionDataset/FashionDataset/train/images_train/21480.jpg,0.019583285
29977,Watches,./A2_FashionDataset/FashionDataset/train/images_train/29977.jpg,5,19251,Watches,./A2_FashionDataset/FashionDataset/train/images_train/19251.jpg,0.025318854
40126,Shorts,./A2_FashionDataset/FashionDataset/train/images_train/40126.jpg,1,41994,Shorts,./A2_FashionDataset/FashionDataset/train/images_train/41994.jpg,2.9625025e-13
40126,Shorts,./A2_FashionDataset/FashionDataset/train/images_train/40126.jpg,2,39831,Shorts,./A2_FashionDataset/FashionDataset/train/images_train/39831.jpg,0.11065201
40126,Shorts,./A2_FashionDataset/FashionDataset/train/images_train/40126.jpg,3,36216,Shorts,./A2_FashionDataset/FashionDataset/train/images_train/36216.jpg,0.11065201
40126,Shorts,./A2_FashionDataset/FashionDataset/train/images_train/40126.jpg,4,49869,Watches,./A2_FashionDataset/FashionDataset/train/images_train/49869.jpg,0.12662965
40126,Shorts,./A2_FashionDataset/FashionDataset/train/images_train/40126.jpg,5,33875,Watches,./A2_FashionDataset/FashionDataset/train/images_train/33875.jpg,0.13189442
42001,Capris,./A2_FashionDataset/FashionDataset/train/images_train/42001.jpg,1,40145,Capris,./A2_FashionDataset/FashionDataset/train/images_train/40145.jpg,1.8760384e-13
42001,Capris,./A2_FashionDataset/FashionDataset/train/images_train/42001.jpg,2,42002,Capris,./A2_FashionDataset/FashionDataset/train/images_train/42002.jpg,1.8760384e-13
42001,Capris,./A2_FashionDataset/FashionDataset/train/images_train/42001.jpg,3,4773,Capris,./A2_FashionDataset/FashionDataset/train/images_train/4773.jpg,0.09057241
42001,Capris,./A2_FashionDataset/FashionDataset/train/images_train/42001.jpg,4,7695,Track Pants,./A2_FashionDataset/FashionDataset/train/images_train/7695.jpg,0.09316729
42001,Capris,./A2_FashionDataset/FashionDataset/train/images_train/42001.jpg,5,30605,Track Pants,./A2_FashionDataset/FashionDataset/train/images_train/30605.jpg,0.09457347
48617,Earrings,./A2_FashionDataset/FashionDataset/train/images_train/48617.jpg,1,35315,Earrings,./A2_FashionDataset/FashionDataset/train/images_train/35315.jpg,0.23987423
48617,Earrings,./A2_FashionDataset/FashionDataset/train/images_train/48617.jpg,2,42625,Earrings,./A2_FashionDataset/FashionDataset/train/images_train/42625.jpg,0.25258884
48617,Earrings,./A2_FashionDataset/FashionDataset/train/images_train/48617.jpg,3,42621,Earrings,./A2_FashionDataset/FashionDataset/train/images_train/42621.jpg,0.32481784
48617,Earrings,./A2_FashionDataset/FashionDataset/train/images_train/48617.jpg,4,35327,Earrings,./A2_FashionDataset/FashionDataset/train/images_train/35327.jpg,0.34665766
48617,Earrings,./A2_FashionDataset/FashionDataset/train/images_train/48617.jpg,5,48594,Earrings,./A2_FashionDataset/FashionDataset/train/images_train/48594.jpg,0.35058236
38835,Dresses,./A2_FashionDataset/FashionDataset/train/images_train/38835.jpg,1,17252,Tshirts,./A2_FashionDataset/FashionDataset/train/images_train/17252.jpg,0.037678216
38835,Dresses,./A2_FashionDataset/FashionDataset/train/images_train/38835.jpg,2,38806,Tshirts,./A2_FashionDataset/FashionDataset/train/images_train/38806.jpg,0.058575965
38835,Dresses,./A2_FashionDataset/FashionDataset/train/images_train/38835.jpg,3,30346,Tshirts,./A2_FashionDataset/FashionDataset/train/images_train/30346.jpg,0.06539507
38835,Dresses,./A2_FashionDataset/FashionDataset/train/images_train/38835.jpg,4,7868,Tshirts,./A2_FashionDataset/FashionDataset/train/images_train/7868.jpg,0.066481724
38835,Dresses,./A2_FashionDataset/FashionDataset/train/images_train/38835.jpg,5,43501,Tshirts,./A2_FashionDataset/FashionDataset/train/images_train/43501.jpg,0.066729255
11898,Formal Shoes,./A2_FashionDataset/FashionDataset/train/images_train/11898.jpg,1,15359,Formal Shoes,./A2_FashionDataset/FashionDataset/train/images_train/15359.jpg,0.0067768414
11898,Formal Shoes,./A2_FashionDataset/FashionDataset/train/images_train/11898.jpg,2,33344,Formal Shoes,./A2_FashionDataset/FashionDataset/train/images_train/33344.jpg,0.0075837774
11898,Formal Shoes,./A2_FashionDataset/FashionDataset/train/images_train/11898.jpg,3,10274,Formal Shoes,./A2_FashionDataset/FashionDataset/train/images_train/10274.jpg,0.008301684
11898,Formal Shoes,./A2_FashionDataset/FashionDataset/train/images_train/11898.jpg,4,33709,Formal Shoes,./A2_FashionDataset/FashionDataset/train/images_train/33709.jpg,0.009048346
11898,Formal Shoes,./A2_FashionDataset/FashionDataset/train/images_train/11898.jpg,5,11896,Formal Shoes,./A2_FashionDataset/FashionDataset/train/images_train/11896.jpg,0.009227754
51966,Nightdress,./A2_FashionDataset/FashionDataset/train/images_train/51966.jpg,1,2284,Tshirts,./A2_FashionDataset/FashionDataset/train/images_train/2284.jpg,0.1354216
51966,Nightdress,./A2_FashionDataset/FashionDataset/train/images_train/51966.jpg,2,7768,Tshirts,./A2_FashionDataset/FashionDataset/train/images_train/7768.jpg,0.14038455
51966,Nightdress,./A2_FashionDataset/FashionDataset/train/images_train/51966.jpg,3,9953,Tshirts,./A2_FashionDataset/FashionDataset/train/images_train/9953.jpg,0.14812195
51966,Nightdress,./A2_FashionDataset/FashionDataset/train/images_train/51966.jpg,4,25041,Tshirts,./A2_FashionDataset/FashionDataset/train/images_train/25041.jpg,0.1672532
51966,Nightdress,./A2_FashionDataset/FashionDataset/train/images_train/51966.jpg,5,7530,Tshirts,./A2_FashionDataset/FashionDataset/train/images_train/7530.jpg,0.17801258
32728,Sports Shoes,./A2_FashionDataset/FashionDataset/train/images_train/32728.jpg,1,40300,Sandals,./A2_FashionDataset/FashionDataset/train/images_train/40300.jpg,0.032337826
32728,Sports Shoes,./A2_FashionDataset/FashionDataset/train/images_train/32728.jpg,2,46963,Flip Flops,./A2_FashionDataset/FashionDataset/train/images_train/46963.jpg,0.043579753
32728,Sports Shoes,./A2_FashionDataset/FashionDataset/train/images_train/32728.jpg,3,34756,Casual Shoes,./A2_FashionDataset/FashionDataset/train/images_train/34756.jpg,0.046591587
32728,Sports Shoes,./A2_FashionDataset/FashionDataset/train/images_train/32728.jpg,4,40307,Sandals,./A2_FashionDataset/FashionDataset/train/images_train/40307.jpg,0.048050147
32728,Sports Shoes,./A2_FashionDataset/FashionDataset/train/images_train/32728.jpg,5,40305,Sandals,./A2_FashionDataset/FashionDataset/train/images_train/40305.jpg,0.04806251
28645,Tshirts,./A2_FashionDataset/FashionDataset/train/images_train/28645.jpg,1,44223,Tshirts,./A2_FashionDataset/FashionDataset/train/images_train/44223.jpg,0.03423529
28645,Tshirts,./A2_FashionDataset/FashionDataset/train/images_train/28645.jpg,2,28532,Tshirts,./A2_FashionDataset/FashionDataset/train/images_train/28532.jpg,0.03450058
28645,Tshirts,./A2_FashionDataset/FashionDataset/train/images_train/28645.jpg,3,22595,Tshirts,./A2_FashionDataset/FashionDataset/train/images_train/22595.jpg,0.03490395
28645,Tshirts,./A2_FashionDataset/FashionDataset/train/images_train/28645.jpg,4,5201,Tshirts,./A2_FashionDataset/FashionDataset/train/images_train/5201.jpg,0.03573978
28645,Tshirts,./A2_FashionDataset/FashionDataset/train/images_train/28645.jpg,5,44226,Tshirts,./A2_FashionDataset/FashionDataset/train/images_train/44226.jpg,0.03665377
30303,Tshirts,./A2_FashionDataset/FashionDataset/train/images_train/30303.jpg,1,38810,Tops,./A2_FashionDataset/FashionDataset/train/images_train/38810.jpg,0.010456067
30303,Tshirts,./A2_FashionDataset/FashionDataset/train/images_train/30303.jpg,2,14651,Tshirts,./A2_FashionDataset/FashionDataset/train/images_train/14651.jpg,0.0153620625
30303,Tshirts,./A2_FashionDataset/FashionDataset/train/images_train/30303.jpg,3,13895,Shirts,./A2_FashionDataset/FashionDataset/train/images_train/13895.jpg,0.015520308
30303,Tshirts,./A2_FashionDataset/FashionDataset/train/images_train/30303.jpg,4,13426,Tshirts,./A2_FashionDataset/FashionDataset/train/images_train/13426.jpg,0.015768483
30303,Tshirts,./A2_FashionDataset/FashionDataset/train/images_train/30303.jpg,5,2850,Tshirts,./A2_FashionDataset/FashionDataset/train/images_train/2850.jpg,0.017180935
39947,Casual Shoes,./A2_FashionDataset/FashionDataset/train/images_train/39947.jpg,1,39309,Casual Shoes,./A2_FashionDataset/FashionDataset/train/images_train/39309.jpg,0.008027585
39947,Casual Shoes,./A2_FashionDataset/FashionDataset/train/images_train/39947.jpg,2,50777,Formal Shoes,./A2_FashionDataset/FashionDataset/train/images_train/50777.jpg,0.010438016
39947,Casual Shoes,./A2_FashionDataset/FashionDataset/train/images_train/39947.jpg,3,23243,Formal Shoes,./A2_FashionDataset/FashionDataset/train/images_train/23243.jpg,0.011866705
39947,Casual Shoes,./A2_FashionDataset/FashionDataset/train/images_train/39947.jpg,4,5697,Casual Shoes,./A2_FashionDataset/FashionDataset/train/images_train/5697.jpg,0.012131317
39947,Casual Shoes,./A2_FashionDataset/FashionDataset/train/images_train/39947.jpg,5,46114,Casual Shoes,./A2_FashionDataset/FashionDataset/train/images_train/46114.jpg,0.01258155
8471,Shirts,./A2_FashionDataset/FashionDataset/train/images_train/8471.jpg,1,16606,Tops,./A2_FashionDataset/FashionDataset/train/images_train/16606.jpg,0.005088675
8471,Shirts,./A2_FashionDataset/FashionDataset/train/images_train/8471.jpg,2,13928,Tops,./A2_FashionDataset/FashionDataset/train/images_train/13928.jpg,0.01918956
8471,Shirts,./A2_FashionDataset/FashionDataset/train/images_train/8471.jpg,3,2586,Tshirts,./A2_FashionDataset/FashionDataset/train/images_train/2586.jpg,0.02226607
8471,Shirts,./A2_FashionDataset/FashionDataset/train/images_train/8471.jpg,4,10070,Tshirts,./A2_FashionDataset/FashionDataset/train/images_train/10070.jpg,0.025789993
8471,Shirts,./A2_FashionDataset/FashionDataset/train/images_train/8471.jpg,5,16832,Tshirts,./A2_FashionDataset/FashionDataset/train/images_train/16832.jpg,0.027767323
5329,Sports Shoes,./A2_FashionDataset/FashionDataset/train/images_train/5329.jpg,1,3307,Sports Shoes,./A2_FashionDataset/FashionDataset/train/images_train/3307.jpg,0.0046767066
5329,Sports Shoes,./A2_FashionDataset/FashionDataset/train/images_train/5329.jpg,2,34648,Sports Shoes,./A2_FashionDataset/FashionDataset/train/images_train/34648.jpg,0.0101596285
5329,Sports Shoes,./A2_FashionDataset/FashionDataset/train/images_train/5329.jpg,3,3661,Sports Shoes,./A2_FashionDataset/FashionDataset/train/images_train/3661.jpg,0.011108423
5329,Sports Shoes,./A2_FashionDataset/FashionDataset/train/images_train/5329.jpg,4,13203,Sports Shoes,./A2_FashionDataset/FashionDataset/train/images_train/13203.jpg,0.015577117
5329,Sports Shoes,./A2_FashionDataset/FashionDataset/train/images_train/5329.jpg,5,18417,Sports Shoes,./A2_FashionDataset/FashionDataset/train/images_train/18417.jpg,0.017171895
48768,Jewellery Set,./A2_FashionDataset/FashionDataset/train/images_train/48768.jpg,1,48762,Jewellery Set,./A2_FashionDataset/FashionDataset/train/images_train/48762.jpg,0.07272279
48768,Jewellery Set,./A2_FashionDataset/FashionDataset/train/images_train/48768.jpg,2,48767,Jewellery Set,./A2_FashionDataset/FashionDataset/train/images_train/48767.jpg,0.09281002
48768,Jewellery Set,./A2_FashionDataset/FashionDataset/train/images_train/48768.jpg,3,48763,Jewellery Set,./A2_FashionDataset/FashionDataset/train/images_train/48763.jpg,0.13408634
48768,Jewellery Set,./A2_FashionDataset/FashionDataset/train/images_train/48768.jpg,4,48769,Jewellery Set,./A2_FashionDataset/FashionDataset/train/images_train/48769.jpg,0.17903379
48768,Jewellery Set,./A2_FashionDataset/FashionDataset/train/images_train/48768.jpg,5,48766,Jewellery Set,./A2_FashionDataset/FashionDataset/train/images_train/48766.jpg,0.20587341
35810,Heels,./A2_FashionDataset/FashionDataset/train/images_train/35810.jpg,1,47600,Flats,./A2_FashionDataset/FashionDataset/train/images_train/47600.jpg,0.014666881
35810,Heels,./A2_FashionDataset/FashionDataset/train/images_train/35810.jpg,2,47594,Heels,./A2_FashionDataset/FashionDataset/train/images_train/47594.jpg,0.015415331
35810,Heels,./A2_FashionDataset/FashionDataset/train/images_train/35810.jpg,3,37966,Heels,./A2_FashionDataset/FashionDataset/train/images_train/37966.jpg,0.016491279
35810,Heels,./A2_FashionDataset/FashionDataset/train/images_train/35810.jpg,4,18553,Heels,./A2_FashionDataset/FashionDataset/train/images_train/18553.jpg,0.016934793
35810,Heels,./A2_FashionDataset/FashionDataset/train/images_train/35810.jpg,5,39204,Heels,./A2_FashionDataset/FashionDataset/train/images_train/39204.jpg,0.019667305
51518,Watches,./A2_FashionDataset/FashionDataset/train/images_train/51518.jpg,1,51574,Watches,./A2_FashionDataset/FashionDataset/train/images_train/51574.jpg,0.019851059
51518,Watches,./A2_FashionDataset/FashionDataset/train/images_train/51518.jpg,2,46515,Watches,./A2_FashionDataset/FashionDataset/train/images_train/46515.jpg,0.020027911
51518,Watches,./A2_FashionDataset/FashionDataset/train/images_train/51518.jpg,3,14612,Socks,./A2_FashionDataset/FashionDataset/train/images_train/14612.jpg,0.023551395
51518,Watches,./A2_FashionDataset/FashionDataset/train/images_train/51518.jpg,4,45138,Watches,./A2_FashionDataset/FashionDataset/train/images_train/45138.jpg,0.024041397
51518,Watches,./A2_FashionDataset/FashionDataset/train/images_train/51518.jpg,5,11213,Watches,./A2_FashionDataset/FashionDataset/train/images_train/11213.jpg,0.026156755
48442,Tshirts,./A2_FashionDataset/FashionDataset/train/images_train/48442.jpg,1,4841,Tshirts,./A2_FashionDataset/FashionDataset/train/images_train/4841.jpg,0.012739391
48442,Tshirts,./A2_FashionDataset/FashionDataset/train/images_train/48442.jpg,2,5280,Tshirts,./A2_FashionDataset/FashionDataset/train/images_train/5280.jpg,0.020378765
48442,Tshirts,./A2_FashionDataset/FashionDataset/train/images_train/48442.jpg,3,3087,Tshirts,./A2_FashionDataset/FashionDataset/train/images_train/3087.jpg,0.030916695
48442,Tshirts,./A2_FashionDataset/FashionDataset/train/images_train/48442.jpg,4,46384,Tshirts,./A2_FashionDataset/FashionDataset/train/images_train/46384.jpg,0.03377594
48442,Tshirts,./A2_FashionDataset/FashionDataset/train/images_train/48442.jpg,5,7942,Tshirts,./A2_FashionDataset/FashionDataset/train/images_train/7942.jpg,0.040005773
10172,Casual Shoes,./A2_FashionDataset/FashionDataset/train/images_train/10172.jpg,1,22872,Casual Shoes,./A2_FashionDataset/FashionDataset/train/images_train/22872.jpg,0.018501775
10172,Casual Shoes,./A2_FashionDataset/FashionDataset/train/images_train/10172.jpg,2,24743,Casual Shoes,./A2_FashionDataset/FashionDataset/train/images_train/24743.jpg,0.0206509
10172,Casual Shoes,./A2_FashionDataset/FashionDataset/train/images_train/10172.jpg,3,22501,Casual Shoes,./A2_FashionDataset/FashionDataset/train/images_train/22501.jpg,0.023610353
10172,Casual Shoes,./A2_FashionDataset/FashionDataset/train/images_train/10172.jpg,4,13673,Casual Shoes,./A2_FashionDataset/FashionDataset/train/images_train/13673.jpg,0.02640113
10172,Casual Shoes,./A2_FashionDataset/FashionDataset/train/images_train/10172.jpg,5,26651,Casual Shoes,./A2_FashionDataset/FashionDataset/train/images_train/26651.jpg,0.02679931
38439,Handbags,./A2_FashionDataset/FashionDataset/train/images_train/38439.jpg,1,17138,Handbags,./A2_FashionDataset/FashionDataset/train/images_train/17138.jpg,0.014635947
38439,Handbags,./A2_FashionDataset/FashionDataset/train/images_train/38439.jpg,2,47928,Handbags,./A2_FashionDataset/FashionDataset/train/images_train/47928.jpg,0.014664354
38439,Handbags,./A2_FashionDataset/FashionDataset/train/images_train/38439.jpg,3,21948,Handbags,./A2_FashionDataset/FashionDataset/train/images_train/21948.jpg,0.015575077
38439,Handbags,./A2_FashionDataset/FashionDataset/train/images_train/38439.jpg,4,22005,Handbags,./A2_FashionDataset/FashionDataset/train/images_train/22005.jpg,0.017315134
38439,Handbags,./A2_FashionDataset/FashionDataset/train/images_train/38439.jpg,5,21534,Handbags,./A2_FashionDataset/FashionDataset/train/images_train/21534.jpg,0.021522528
20583,Wallets,./A2_FashionDataset/FashionDataset/train/images_train/20583.jpg,1,20481,Wallets,./A2_FashionDataset/FashionDataset/train/images_train/20481.jpg,0.15793496
20583,Wallets,./A2_FashionDataset/FashionDataset/train/images_train/20583.jpg,2,27398,Bra,./A2_FashionDataset/FashionDataset/train/images_train/27398.jpg,0.21855909
20583,Wallets,./A2_FashionDataset/FashionDataset/train/images_train/20583.jpg,3,6697,Socks,./A2_FashionDataset/FashionDataset/train/images_train/6697.jpg,0.22306466
20583,Wallets,./A2_FashionDataset/FashionDataset/train/images_train/20583.jpg,4,8935,Wallets,./A2_FashionDataset/FashionDataset/train/images_train/8935.jpg,0.25791577
20583,Wallets,./A2_FashionDataset/FashionDataset/train/images_train/20583.jpg,5,39516,Laptop Bag,./A2_FashionDataset/FashionDataset/train/images_train/39516.jpg,0.25995106
44721,Flip Flops,./A2_FashionDataset/FashionDataset/train/images_train/44721.jpg,1,44194,Flip Flops,./A2_FashionDataset/FashionDataset/train/images_train/44194.jpg,0.008830291
44721,Flip Flops,./A2_FashionDataset/FashionDataset/train/images_train/44721.jpg,2,46851,Flip Flops,./A2_FashionDataset/FashionDataset/train/images_train/46851.jpg,0.011387926
44721,Flip Flops,./A2_FashionDataset/FashionDataset/train/images_train/44721.jpg,3,44619,Flip Flops,./A2_FashionDataset/FashionDataset/train/images_train/44619.jpg,0.011915413
44721,Flip Flops,./A2_FashionDataset/FashionDataset/train/images_train/44721.jpg,4,47088,Flip Flops,./A2_FashionDataset/FashionDataset/train/images_train/47088.jpg,0.013020594
44721,Flip Flops,./A2_FashionDataset/FashionDataset/train/images_train/44721.jpg,5,47089,Flip Flops,./A2_FashionDataset/FashionDataset/train/images_train/47089.jpg,0.014798625
16161,Formal Shoes,./A2_FashionDataset/FashionDataset/train/images_train/16161.jpg,1,4183,Casual Shoes,./A2_FashionDataset/FashionDataset/train/images_train/4183.jpg,0.006263641
16161,Formal Shoes,./A2_FashionDataset/FashionDataset/train/images_train/16161.jpg,2,22121,Formal Shoes,./A2_FashionDataset/FashionDataset/train/images_train/22121.jpg,0.006414654
16161,Formal Shoes,./A2_FashionDataset/FashionDataset/train/images_train/16161.jpg,3,16182,Formal Shoes,./A2_FashionDataset/FashionDataset/train/images_train/16182.jpg,0.006641026
16161,Formal Shoes,./A2_FashionDataset/FashionDataset/train/images_train/16161.jpg,4,26523,Casual Shoes,./A2_FashionDataset/FashionDataset/train/images_train/26523.jpg,0.007470226
16161,Formal Shoes,./A2_FashionDataset/FashionDataset/train/images_train/16161.jpg,5,26560,Casual Shoes,./A2_FashionDataset/FashionDataset/train/images_train/26560.jpg,0.009005905
13702,Sports Shoes,./A2_FashionDataset/FashionDataset/train/images_train/13702.jpg,1,36414,Casual Shoes,./A2_FashionDataset/FashionDataset/train/images_train/36414.jpg,0.017236117
13702,Sports Shoes,./A2_FashionDataset/FashionDataset/train/images_train/13702.jpg,2,13905,Sports Shoes,./A2_FashionDataset/FashionDataset/train/images_train/13905.jpg,0.017339505
13702,Sports Shoes,./A2_FashionDataset/FashionDataset/train/images_train/13702.jpg,3,22864,Casual Shoes,./A2_FashionDataset/FashionDataset/train/images_train/22864.jpg,0.018092128
13702,Sports Shoes,./A2_FashionDataset/FashionDataset/train/images_train/13702.jpg,4,4332,Sports Shoes,./A2_FashionDataset/FashionDataset/train/images_train/4332.jpg,0.018337183
13702,Sports Shoes,./A2_FashionDataset/FashionDataset/train/images_train/13702.jpg,5,11931,Sports Shoes,./A2_FashionDataset/FashionDataset/train/images_train/11931.jpg,0.018807666
17592,Sunglasses,./A2_FashionDataset/FashionDataset/train/images_train/17592.jpg,1,28349,Sunglasses,./A2_FashionDataset/FashionDataset/train/images_train/28349.jpg,0.025118258
17592,Sunglasses,./A2_FashionDataset/FashionDataset/train/images_train/17592.jpg,2,28346,Sunglasses,./A2_FashionDataset/FashionDataset/train/images_train/28346.jpg,0.025118258
17592,Sunglasses,./A2_FashionDataset/FashionDataset/train/images_train/17592.jpg,3,29963,Sunglasses,./A2_FashionDataset/FashionDataset/train/images_train/29963.jpg,0.028582912
17592,Sunglasses,./A2_FashionDataset/FashionDataset/train/images_train/17592.jpg,4,28365,Free Gifts,./A2_FashionDataset/FashionDataset/train/images_train/28365.jpg,0.039632224
17592,Sunglasses,./A2_FashionDataset/FashionDataset/train/images_train/17592.jpg,5,28385,Sunglasses,./A2_FashionDataset/FashionDataset/train/images_train/28385.jpg,0.040754788
30756,Kurtas,./A2_FashionDataset/FashionDataset/train/images_train/30756.jpg,1,30753,Kurtas,./A2_FashionDataset/FashionDataset/train/images_train/30753.jpg,0.077265225
30756,Kurtas,./A2_FashionDataset/FashionDataset/train/images_train/30756.jpg,2,30768,Kurtas,./A2_FashionDataset/FashionDataset/train/images_train/30768.jpg,0.09828205
30756,Kurtas,./A2_FashionDataset/FashionDataset/train/images_train/30756.jpg,3,30752,Kurtas,./A2_FashionDataset/FashionDataset/train/images_train/30752.jpg,0.11945202
30756,Kurtas,./A2_FashionDataset/FashionDataset/train/images_train/30756.jpg,4,30849,Kurtas,./A2_FashionDataset/FashionDataset/train/images_train/30849.jpg,0.12585779
30756,Kurtas,./A2_FashionDataset/FashionDataset/train/images_train/30756.jpg,5,30744,Kurtas,./A2_FashionDataset/FashionDataset/train/images_train/30744.jpg,0.12851933
30526,Bra,./A2_FashionDataset/FashionDataset/train/images_train/30526.jpg,1,51022,Bra,./A2_FashionDataset/FashionDataset/train/images_train/51022.jpg,0.17349258
30526,Bra,./A2_FashionDataset/FashionDataset/train/images_train/30526.jpg,2,51006,Bra,./A2_FashionDataset/FashionDataset/train/images_train/51006.jpg,0.19570255
30526,Bra,./A2_FashionDataset/FashionDataset/train/images_train/30526.jpg,3,42806,Briefs,./A2_FashionDataset/FashionDataset/train/images_train/42806.jpg,0.19974974
30526,Bra,./A2_FashionDataset/FashionDataset/train/images_train/30526.jpg,4,2701,Tops,./A2_FashionDataset/FashionDataset/train/images_train/2701.jpg,0.23107827
30526,Bra,./A2_FashionDataset/FashionDataset/train/images_train/30526.jpg,5,50997,Bra,./A2_FashionDataset/FashionDataset/train/images_train/50997.jpg,0.23928073
35994,Capris,./A2_FashionDataset/FashionDataset/train/images_train/35994.jpg,1,27903,Trousers,./A2_FashionDataset/FashionDataset/train/images_train/27903.jpg,0.022962011
35994,Capris,./A2_FashionDataset/FashionDataset/train/images_train/35994.jpg,2,26992,Jeans,./A2_FashionDataset/FashionDataset/train/images_train/26992.jpg,0.032780234
35994,Capris,./A2_FashionDataset/FashionDataset/train/images_train/35994.jpg,3,26995,Jeans,./A2_FashionDataset/FashionDataset/train/images_train/26995.jpg,0.036066033
35994,Capris,./A2_FashionDataset/FashionDataset/train/images_train/35994.jpg,4,27015,Jeans,./A2_FashionDataset/FashionDataset/train/images_train/27015.jpg,0.03678327
35994,Capris,./A2_FashionDataset/FashionDataset/train/images_train/35994.jpg,5,22787,Jeans,./A2_FashionDataset/FashionDataset/train/images_train/22787.jpg,0.037038192
31820,Watches,./A2_FashionDataset/FashionDataset/train/images_train/31820.jpg,1,40557,Watches,./A2_FashionDataset/FashionDataset/train/images_train/40557.jpg,0.07357716
31820,Watches,./A2_FashionDataset/FashionDataset/train/images_train/31820.jpg,2,40559,Watches,./A2_FashionDataset/FashionDataset/train/images_train/40559.jpg,0.0802336
31820,Watches,./A2_FashionDataset/FashionDataset/train/images_train/31820.jpg,3,32372,Watches,./A2_FashionDataset/FashionDataset/train/images_train/32372.jpg,0.083773285
31820,Watches,./A2_FashionDataset/FashionDataset/train/images_train/31820.jpg,4,25336,Watches,./A2_FashionDataset/FashionDataset/train/images_train/25336.jpg,0.09768337
31820,Watches,./A2_FashionDataset/FashionDataset/train/images_train/31820.jpg,5,31848,Watches,./A2_FashionDataset/FashionDataset/train/images_train/31848.jpg,0.109779075
17189,Shirts,./A2_FashionDataset/FashionDataset/train/images_train/17189.jpg,1,39769,Shirts,./A2_FashionDataset/FashionDataset/train/images_train/39769.jpg,0.0073634493
17189,Shirts,./A2_FashionDataset/FashionDataset/train/images_train/17189.jpg,2,6586,Tshirts,./A2_FashionDataset/FashionDataset/train/images_train/6586.jpg,0.008131197
17189,Shirts,./A2_FashionDataset/FashionDataset/train/images_train/17189.jpg,3,38981,Shirts,./A2_FashionDataset/FashionDataset/train/images_train/38981.jpg,0.009098049
17189,Shirts,./A2_FashionDataset/FashionDataset/train/images_train/17189.jpg,4,37731,Shirts,./A2_FashionDataset/FashionDataset/train/images_train/37731.jpg,0.012408882
17189,Shirts,./A2_FashionDataset/FashionDataset/train/images_train/17189.jpg,5,41597,Shirts,./A2_FashionDataset/FashionDataset/train/images_train/41597.jpg,0.013480239
20227,Sweaters,./A2_FashionDataset/FashionDataset/train/images_train/20227.jpg,1,20306,Sweaters,./A2_FashionDataset/FashionDataset/train/images_train/20306.jpg,0.023593366
20227,Sweaters,./A2_FashionDataset/FashionDataset/train/images_train/20227.jpg,2,25705,Tops,./A2_FashionDataset/FashionDataset/train/images_train/25705.jpg,0.02923885
20227,Sweaters,./A2_FashionDataset/FashionDataset/train/images_train/20227.jpg,3,18879,Shirts,./A2_FashionDataset/FashionDataset/train/images_train/18879.jpg,0.032155216
20227,Sweaters,./A2_FashionDataset/FashionDataset/train/images_train/20227.jpg,4,28779,Kurtis,./A2_FashionDataset/FashionDataset/train/images_train/28779.jpg,0.0353598
20227,Sweaters,./A2_FashionDataset/FashionDataset/train/images_train/20227.jpg,5,1651,Tshirts,./A2_FashionDataset/FashionDataset/train/images_train/1651.jpg,0.03548529
10823,Tshirts,./A2_FashionDataset/FashionDataset/train/images_train/10823.jpg,1,4319,Tshirts,./A2_FashionDataset/FashionDataset/train/images_train/4319.jpg,0.011047047
10823,Tshirts,./A2_FashionDataset/FashionDataset/train/images_train/10823.jpg,2,34097,Tshirts,./A2_FashionDataset/FashionDataset/train/images_train/34097.jpg,0.01247834
10823,Tshirts,./A2_FashionDataset/FashionDataset/train/images_train/10823.jpg,3,8594,Tshirts,./A2_FashionDataset/FashionDataset/train/images_train/8594.jpg,0.013010547
10823,Tshirts,./A2_FashionDataset/FashionDataset/train/images_train/10823.jpg,4,5947,Shirts,./A2_FashionDataset/FashionDataset/train/images_train/5947.jpg,0.016826348
10823,Tshirts,./A2_FashionDataset/FashionDataset/train/images_train/10823.jpg,5,9933,Tshirts,./A2_FashionDataset/FashionDataset/train/images_train/9933.jpg,0.01836351
47071,Patiala,./A2_FashionDataset/FashionDataset/train/images_train/47071.jpg,1,47063,Patiala,./A2_FashionDataset/FashionDataset/train/images_train/47063.jpg,0.021730635
47071,Patiala,./A2_FashionDataset/FashionDataset/train/images_train/47071.jpg,2,51377,Shorts,./A2_FashionDataset/FashionDataset/train/images_train/51377.jpg,0.024655
47071,Patiala,./A2_FashionDataset/FashionDataset/train/images_train/47071.jpg,3,51379,Shorts,./A2_FashionDataset/FashionDataset/train/images_train/51379.jpg,0.025406625
47071,Patiala,./A2_FashionDataset/FashionDataset/train/images_train/47071.jpg,4,47072,Patiala,./A2_FashionDataset/FashionDataset/train/images_train/47072.jpg,0.02617313
47071,Patiala,./A2_FashionDataset/FashionDataset/train/images_train/47071.jpg,5,35941,Capris,./A2_FashionDataset/FashionDataset/train/images_train/35941.jpg,0.027629176
10992,Tshirts,./A2_FashionDataset/FashionDataset/train/images_train/10992.jpg,1,4197,Tshirts,./A2_FashionDataset/FashionDataset/train/images_train/4197.jpg,0.010561164
10992,Tshirts,./A2_FashionDataset/FashionDataset/train/images_train/10992.jpg,2,24094,Tshirts,./A2_FashionDataset/FashionDataset/train/images_train/24094.jpg,0.011107582
10992,Tshirts,./A2_FashionDataset/FashionDataset/train/images_train/10992.jpg,3,17886,Innerwear Vests,./A2_FashionDataset/FashionDataset/train/images_train/17886.jpg,0.011771958
10992,Tshirts,./A2_FashionDataset/FashionDataset/train/images_train/10992.jpg,4,5160,Tshirts,./A2_FashionDataset/FashionDataset/train/images_train/5160.jpg,0.01216298
10992,Tshirts,./A2_FashionDataset/FashionDataset/train/images_train/10992.jpg,5,29786,Tshirts,./A2_FashionDataset/FashionDataset/train/images_train/29786.jpg,0.012979145
33602,Wallets,./A2_FashionDataset/FashionDataset/train/images_train/33602.jpg,1,33605,Wallets,./A2_FashionDataset/FashionDataset/train/images_train/33605.jpg,0.0024505123
33602,Wallets,./A2_FashionDataset/FashionDataset/train/images_train/33602.jpg,2,36990,Clutches,./A2_FashionDataset/FashionDataset/train/images_train/36990.jpg,0.0040943176
33602,Wallets,./A2_FashionDataset/FashionDataset/train/images_train/33602.jpg,3,33608,Wallets,./A2_FashionDataset/FashionDataset/train/images_train/33608.jpg,0.005398933
33602,Wallets,./A2_FashionDataset/FashionDataset/train/images_train/33602.jpg,4,48331,Free Gifts,./A2_FashionDataset/FashionDataset/train/images_train/48331.jpg,0.0069153914
33602,Wallets,./A2_FashionDataset/FashionDataset/train/images_train/33602.jpg,5,33392,Wallets,./A2_FashionDataset/FashionDataset/train/images_train/33392.jpg,0.010069396
46317,Watches,./A2_FashionDataset/FashionDataset/train/images_train/46317.jpg,1,33885,Watches,./A2_FashionDataset/FashionDataset/train/images_train/33885.jpg,0.010155252
46317,Watches,./A2_FashionDataset/FashionDataset/train/images_train/46317.jpg,2,46541,Watches,./A2_FashionDataset/FashionDataset/train/images_train/46541.jpg,0.010925142
46317,Watches,./A2_FashionDataset/FashionDataset/train/images_train/46317.jpg,3,18534,Watches,./A2_FashionDataset/FashionDataset/train/images_train/18534.jpg,0.013109849
46317,Watches,./A2_FashionDataset/FashionDataset/train/images_train/46317.jpg,4,46433,Watches,./A2_FashionDataset/FashionDataset/train/images_train/46433.jpg,0.014888511
46317,Watches,./A2_FashionDataset/FashionDataset/train/images_train/46317.jpg,5,46449,Watches,./A2_FashionDataset/FashionDataset/train/images_train/46449.jpg,0.015458197
10404,Shirts,./A2_FashionDataset/FashionDataset/train/images_train/10404.jpg,1,11658,Tshirts,./A2_FashionDataset/FashionDataset/train/images_train/11658.jpg,0.029109173
10404,Shirts,./A2_FashionDataset/FashionDataset/train/images_train/10404.jpg,2,33163,Tops,./A2_FashionDataset/FashionDataset/train/images_train/33163.jpg,0.033331998
10404,Shirts,./A2_FashionDataset/FashionDataset/train/images_train/10404.jpg,3,32878,Tops,./A2_FashionDataset/FashionDataset/train/images_train/32878.jpg,0.041486267
10404,Shirts,./A2_FashionDataset/FashionDataset/train/images_train/10404.jpg,4,40185,Kurtis,./A2_FashionDataset/FashionDataset/train/images_train/40185.jpg,0.04357733
10404,Shirts,./A2_FashionDataset/FashionDataset/train/images_train/10404.jpg,5,8443,Tshirts,./A2_FashionDataset/FashionDataset/train/images_train/8443.jpg,0.04380804
15645,Shorts,./A2_FashionDataset/FashionDataset/train/images_train/15645.jpg,1,22644,Shorts,./A2_FashionDataset/FashionDataset/train/images_train/22644.jpg,0.076517254
15645,Shorts,./A2_FashionDataset/FashionDataset/train/images_train/15645.jpg,2,15335,Shorts,./A2_FashionDataset/FashionDataset/train/images_train/15335.jpg,0.078481406
15645,Shorts,./A2_FashionDataset/FashionDataset/train/images_train/15645.jpg,3,33307,Jeans,./A2_FashionDataset/FashionDataset/train/images_train/33307.jpg,0.081699714
15645,Shorts,./A2_FashionDataset/FashionDataset/train/images_train/15645.jpg,4,13341,Capris,./A2_FashionDataset/FashionDataset/train/images_train/13341.jpg,0.08892992
15645,Shorts,./A2_FashionDataset/FashionDataset/train/images_train/15645.jpg,5,15644,Shorts,./A2_FashionDataset/FashionDataset/train/images_train/15644.jpg,0.09680003
46539,Watches,./A2_FashionDataset/FashionDataset/train/images_train/46539.jpg,1,16771,Watches,./A2_FashionDataset/FashionDataset/train/images_train/16771.jpg,0.000888701
46539,Watches,./A2_FashionDataset/FashionDataset/train/images_train/46539.jpg,2,17452,Watches,./A2_FashionDataset/FashionDataset/train/images_train/17452.jpg,0.0019397244
46539,Watches,./A2_FashionDataset/FashionDataset/train/images_train/46539.jpg,3,46537,Watches,./A2_FashionDataset/FashionDataset/train/images_train/46537.jpg,0.005645888
46539,Watches,./A2_FashionDataset/FashionDataset/train/images_train/46539.jpg,4,46420,Watches,./A2_FashionDataset/FashionDataset/train/images_train/46420.jpg,0.0061573526
46539,Watches,./A2_FashionDataset/FashionDataset/train/images_train/46539.jpg,5,17424,Watches,./A2_FashionDataset/FashionDataset/train/images_train/17424.jpg,0.006177471
22759,Kurtas,./A2_FashionDataset/FashionDataset/train/images_train/22759.jpg,1,14749,Shirts,./A2_FashionDataset/FashionDataset/train/images_train/14749.jpg,0.11188769
22759,Kurtas,./A2_FashionDataset/FashionDataset/train/images_train/22759.jpg,2,1758,Jackets,./A2_FashionDataset/FashionDataset/train/images_train/1758.jpg,0.12132789
22759,Kurtas,./A2_FashionDataset/FashionDataset/train/images_train/22759.jpg,3,4865,Tshirts,./A2_FashionDataset/FashionDataset/train/images_train/4865.jpg,0.123257235
22759,Kurtas,./A2_FashionDataset/FashionDataset/train/images_train/22759.jpg,4,48489,Tops,./A2_FashionDataset/FashionDataset/train/images_train/48489.jpg,0.12744635
22759,Kurtas,./A2_FashionDataset/FashionDataset/train/images_train/22759.jpg,5,24288,Sweatshirts,./A2_FashionDataset/FashionDataset/train/images_train/24288.jpg,0.12829918
44751,Casual Shoes,./A2_FashionDataset/FashionDataset/train/images_train/44751.jpg,1,43872,Casual Shoes,./A2_FashionDataset/FashionDataset/train/images_train/43872.jpg,0.009839958
44751,Casual Shoes,./A2_FashionDataset/FashionDataset/train/images_train/44751.jpg,2,24665,Casual Shoes,./A2_FashionDataset/FashionDataset/train/images_train/24665.jpg,0.020788394
44751,Casual Shoes,./A2_FashionDataset/FashionDataset/train/images_train/44751.jpg,3,40457,Casual Shoes,./A2_FashionDataset/FashionDataset/train/images_train/40457.jpg,0.020949218
44751,Casual Shoes,./A2_FashionDataset/FashionDataset/train/images_train/44751.jpg,4,15368,Casual Shoes,./A2_FashionDataset/FashionDataset/train/images_train/15368.jpg,0.02098364
44751,Casual Shoes,./A2_FashionDataset/FashionDataset/train/images_train/44751.jpg,5,36434,Casual Shoes,./A2_FashionDataset/FashionDataset/train/images_train/36434.jpg,0.021143813
28712,Kurtas,./A2_FashionDataset/FashionDataset/train/images_train/28712.jpg,1,31313,Kurtas,./A2_FashionDataset/FashionDataset/train/images_train/31313.jpg,0.04641071
28712,Kurtas,./A2_FashionDataset/FashionDataset/train/images_train/28712.jpg,2,20101,Kurtas,./A2_FashionDataset/FashionDataset/train/images_train/20101.jpg,0.049662873
28712,Kurtas,./A2_FashionDataset/FashionDataset/train/images_train/28712.jpg,3,30958,Tunics,./A2_FashionDataset/FashionDataset/train/images_train/30958.jpg,0.056138862
28712,Kurtas,./A2_FashionDataset/FashionDataset/train/images_train/28712.jpg,4,23226,Kurtas,./A2_FashionDataset/FashionDataset/train/images_train/23226.jpg,0.058188394
28712,Kurtas,./A2_FashionDataset/FashionDataset/train/images_train/28712.jpg,5,47033,Kurtas,./A2_FashionDataset/FashionDataset/train/images_train/47033.jpg,0.05867847
34349,Tshirts,./A2_FashionDataset/FashionDataset/train/images_train/34349.jpg,1,3098,Tshirts,./A2_FashionDataset/FashionDataset/train/images_train/3098.jpg,0.007631758
34349,Tshirts,./A2_FashionDataset/FashionDataset/train/images_train/34349.jpg,2,11970,Tshirts,./A2_FashionDataset/FashionDataset/train/images_train/11970.jpg,0.010076469
34349,Tshirts,./A2_FashionDataset/FashionDataset/train/images_train/34349.jpg,3,11091,Shirts,./A2_FashionDataset/FashionDataset/train/images_train/11091.jpg,0.012447302
34349,Tshirts,./A2_FashionDataset/FashionDataset/train/images_train/34349.jpg,4,11092,Shirts,./A2_FashionDataset/FashionDataset/train/images_train/11092.jpg,0.012447302
34349,Tshirts,./A2_FashionDataset/FashionDataset/train/images_train/34349.jpg,5,10453,Tshirts,./A2_FashionDataset/FashionDataset/train/images_train/10453.jpg,0.013321281
6294,Tshirts,./A2_FashionDataset/FashionDataset/train/images_train/6294.jpg,1,34374,Tshirts,./A2_FashionDataset/FashionDataset/train/images_train/34374.jpg,0.0044696075
6294,Tshirts,./A2_FashionDataset/FashionDataset/train/images_train/6294.jpg,2,13495,Tshirts,./A2_FashionDataset/FashionDataset/train/images_train/13495.jpg,0.004480319
6294,Tshirts,./A2_FashionDataset/FashionDataset/train/images_train/6294.jpg,3,7832,Tshirts,./A2_FashionDataset/FashionDataset/train/images_train/7832.jpg,0.00580019
6294,Tshirts,./A2_FashionDataset/FashionDataset/train/images_train/6294.jpg,4,2788,Tshirts,./A2_FashionDataset/FashionDataset/train/images_train/2788.jpg,0.006344036
6294,Tshirts,./A2_FashionDataset/FashionDataset/train/images_train/6294.jpg,5,32768,Tshirts,./A2_FashionDataset/FashionDataset/train/images_train/32768.jpg,0.0068759043
25161,Handbags,./A2_FashionDataset/FashionDataset/train/images_train/25161.jpg,1,25204,Handbags,./A2_FashionDataset/FashionDataset/train/images_train/25204.jpg,0.0065349108
25161,Handbags,./A2_FashionDataset/FashionDataset/train/images_train/25161.jpg,2,25208,Handbags,./A2_FashionDataset/FashionDataset/train/images_train/25208.jpg,0.0068799052
25161,Handbags,./A2_FashionDataset/FashionDataset/train/images_train/25161.jpg,3,19946,Handbags,./A2_FashionDataset/FashionDataset/train/images_train/19946.jpg,0.0074689463
25161,Handbags,./A2_FashionDataset/FashionDataset/train/images_train/25161.jpg,4,25180,Handbags,./A2_FashionDataset/FashionDataset/train/images_train/25180.jpg,0.008910765
25161,Handbags,./A2_FashionDataset/FashionDataset/train/images_train/25161.jpg,5,25244,Handbags,./A2_FashionDataset/FashionDataset/train/images_train/25244.jpg,0.009372676
27490,Briefs,./A2_FashionDataset/FashionDataset/train/images_train/27490.jpg,1,28006,Trunk,./A2_FashionDataset/FashionDataset/train/images_train/28006.jpg,0.042252168
27490,Briefs,./A2_FashionDataset/FashionDataset/train/images_train/27490.jpg,2,28004,Trunk,./A2_FashionDataset/FashionDataset/train/images_train/28004.jpg,0.047832444
27490,Briefs,./A2_FashionDataset/FashionDataset/train/images_train/27490.jpg,3,27493,Briefs,./A2_FashionDataset/FashionDataset/train/images_train/27493.jpg,0.0701163
27490,Briefs,./A2_FashionDataset/FashionDataset/train/images_train/27490.jpg,4,28013,Trunk,./A2_FashionDataset/FashionDataset/train/images_train/28013.jpg,0.07427682
27490,Briefs,./A2_FashionDataset/FashionDataset/train/images_train/27490.jpg,5,28012,Trunk,./A2_FashionDataset/FashionDataset/train/images_train/28012.jpg,0.08929013
39275,Casual Shoes,./A2_FashionDataset/FashionDataset/train/images_train/39275.jpg,1,24258,Casual Shoes,./A2_FashionDataset/FashionDataset/train/images_train/24258.jpg,0.0094503295
39275,Casual Shoes,./A2_FashionDataset/FashionDataset/train/images_train/39275.jpg,2,39274,Casual Shoes,./A2_FashionDataset/FashionDataset/train/images_train/39274.jpg,0.011607844
39275,Casual Shoes,./A2_FashionDataset/FashionDataset/train/images_train/39275.jpg,3,38772,Casual Shoes,./A2_FashionDataset/FashionDataset/train/images_train/38772.jpg,0.013162792
39275,Casual Shoes,./A2_FashionDataset/FashionDataset/train/images_train/39275.jpg,4,39273,Casual Shoes,./A2_FashionDataset/FashionDataset/train/images_train/39273.jpg,0.014901981
39275,Casual Shoes,./A2_FashionDataset/FashionDataset/train/images_train/39275.jpg,5,43475,Casual Shoes,./A2_FashionDataset/FashionDataset/train/images_train/43475.jpg,0.018211376
17719,Shirts,./A2_FashionDataset/FashionDataset/train/images_train/17719.jpg,1,23524,Perfume and Body Mist,./A2_FashionDataset/FashionDataset/train/images_train/23524.jpg,0.1880314
17719,Shirts,./A2_FashionDataset/FashionDataset/train/images_train/17719.jpg,2,14736,Shirts,./A2_FashionDataset/FashionDataset/train/images_train/14736.jpg,0.25380653
17719,Shirts,./A2_FashionDataset/FashionDataset/train/images_train/17719.jpg,3,48807,Pendant,./A2_FashionDataset/FashionDataset/train/images_train/48807.jpg,0.2736327
17719,Shirts,./A2_FashionDataset/FashionDataset/train/images_train/17719.jpg,4,12776,Kurtas,./A2_FashionDataset/FashionDataset/train/images_train/12776.jpg,0.27674466
17719,Shirts,./A2_FashionDataset/FashionDataset/train/images_train/17719.jpg,5,23550,Perfume and Body Mist,./A2_FashionDataset/FashionDataset/train/images_train/23550.jpg,0.27720064
49290,Socks,./A2_FashionDataset/FashionDataset/train/images_train/49290.jpg,1,49269,Socks,./A2_FashionDataset/FashionDataset/train/images_train/49269.jpg,0.023450006
49290,Socks,./A2_FashionDataset/FashionDataset/train/images_train/49290.jpg,2,49288,Socks,./A2_FashionDataset/FashionDataset/train/images_train/49288.jpg,0.052348044
49290,Socks,./A2_FashionDataset/FashionDataset/train/images_train/49290.jpg,3,49304,Socks,./A2_FashionDataset/FashionDataset/train/images_train/49304.jpg,0.05405967
49290,Socks,./A2_FashionDataset/FashionDataset/train/images_train/49290.jpg,4,12403,Socks,./A2_FashionDataset/FashionDataset/train/images_train/12403.jpg,0.056267984
49290,Socks,./A2_FashionDataset/FashionDataset/train/images_train/49290.jpg,5,24296,Socks,./A2_FashionDataset/FashionDataset/train/images_train/24296.jpg,0.062645935
15901,Flip Flops,./A2_FashionDataset/FashionDataset/train/images_train/15901.jpg,1,44711,Flip Flops,./A2_FashionDataset/FashionDataset/train/images_train/44711.jpg,0.0156090725
15901,Flip Flops,./A2_FashionDataset/FashionDataset/train/images_train/15901.jpg,2,15859,Flip Flops,./A2_FashionDataset/FashionDataset/train/images_train/15859.jpg,0.018183045
15901,Flip Flops,./A2_FashionDataset/FashionDataset/train/images_train/15901.jpg,3,44198,Flip Flops,./A2_FashionDataset/FashionDataset/train/images_train/44198.jpg,0.023104625
15901,Flip Flops,./A2_FashionDataset/FashionDataset/train/images_train/15901.jpg,4,26451,Flip Flops,./A2_FashionDataset/FashionDataset/train/images_train/26451.jpg,0.02444743
15901,Flip Flops,./A2_FashionDataset/FashionDataset/train/images_train/15901.jpg,5,46958,Flip Flops,./A2_FashionDataset/FashionDataset/train/images_train/46958.jpg,0.026277628
23333,Kurtis,./A2_FashionDataset/FashionDataset/train/images_train/23333.jpg,1,31324,Kurtas,./A2_FashionDataset/FashionDataset/train/images_train/31324.jpg,0.03619806
23333,Kurtis,./A2_FashionDataset/FashionDataset/train/images_train/23333.jpg,2,24403,Kurtas,./A2_FashionDataset/FashionDataset/train/images_train/24403.jpg,0.040171545
23333,Kurtis,./A2_FashionDataset/FashionDataset/train/images_train/23333.jpg,3,23328,Kurtas,./A2_FashionDataset/FashionDataset/train/images_train/23328.jpg,0.04110982
23333,Kurtis,./A2_FashionDataset/FashionDataset/train/images_train/23333.jpg,4,20249,Tshirts,./A2_FashionDataset/FashionDataset/train/images_train/20249.jpg,0.051282182
23333,Kurtis,./A2_FashionDataset/FashionDataset/train/images_train/23333.jpg,5,27269,Kurtas,./A2_FashionDataset/FashionDataset/train/images_train/27269.jpg,0.055167347
35000,Stoles,./A2_FashionDataset/FashionDataset/train/images_train/35000.jpg,1,32238,Kurtas,./A2_FashionDataset/FashionDataset/train/images_train/32238.jpg,0.13670002
35000,Stoles,./A2_FashionDataset/FashionDataset/train/images_train/35000.jpg,2,32224,Kurtas,./A2_FashionDataset/FashionDataset/train/images_train/32224.jpg,0.13723233
35000,Stoles,./A2_FashionDataset/FashionDataset/train/images_train/35000.jpg,3,14547,Kurtas,./A2_FashionDataset/FashionDataset/train/images_train/14547.jpg,0.14866406
35000,Stoles,./A2_FashionDataset/FashionDataset/train/images_train/35000.jpg,4,35012,Stoles,./A2_FashionDataset/FashionDataset/train/images_train/35012.jpg,0.15375367
35000,Stoles,./A2_FashionDataset/FashionDataset/train/images_train/35000.jpg,5,27290,Kurtas,./A2_FashionDataset/FashionDataset/train/images_train/27290.jpg,0.16056843
34850,Sports Shoes,./A2_FashionDataset/FashionDataset/train/images_train/34850.jpg,1,38654,Sports Shoes,./A2_FashionDataset/FashionDataset/train/images_train/38654.jpg,0.016967464
34850,Sports Shoes,./A2_FashionDataset/FashionDataset/train/images_train/34850.jpg,2,8080,Sports Shoes,./A2_FashionDataset/FashionDataset/train/images_train/8080.jpg,0.019433979
34850,Sports Shoes,./A2_FashionDataset/FashionDataset/train/images_train/34850.jpg,3,22486,Sports Shoes,./A2_FashionDataset/FashionDataset/train/images_train/22486.jpg,0.02215669
34850,Sports Shoes,./A2_FashionDataset/FashionDataset/train/images_train/34850.jpg,4,4650,Sports Sandals,./A2_FashionDataset/FashionDataset/train/images_train/4650.jpg,0.023852076
34850,Sports Shoes,./A2_FashionDataset/FashionDataset/train/images_train/34850.jpg,5,36944,Sports Shoes,./A2_FashionDataset/FashionDataset/train/images_train/36944.jpg,0.02408225
36760,Watches,./A2_FashionDataset/FashionDataset/train/images_train/36760.jpg,1,45157,Watches,./A2_FashionDataset/FashionDataset/train/images_train/45157.jpg,0.0032318984
36760,Watches,./A2_FashionDataset/FashionDataset/train/images_train/36760.jpg,2,46425,Watches,./A2_FashionDataset/FashionDataset/train/images_train/46425.jpg,0.0064100916
36760,Watches,./A2_FashionDataset/FashionDataset/train/images_train/36760.jpg,3,36788,Watches,./A2_FashionDataset/FashionDataset/train/images_train/36788.jpg,0.010061007
36760,Watches,./A2_FashionDataset/FashionDataset/train/images_train/36760.jpg,4,10397,Watches,./A2_FashionDataset/FashionDataset/train/images_train/10397.jpg,0.01023338
36760,Watches,./A2_FashionDataset/FashionDataset/train/images_train/36760.jpg,5,32309,Watches,./A2_FashionDataset/FashionDataset/train/images_train/32309.jpg,0.010926848
14114,Jeans,./A2_FashionDataset/FashionDataset/train/images_train/14114.jpg,1,17579,Trousers,./A2_FashionDataset/FashionDataset/train/images_train/17579.jpg,0.0129507
14114,Jeans,./A2_FashionDataset/FashionDataset/train/images_train/14114.jpg,2,16021,Trousers,./A2_FashionDataset/FashionDataset/train/images_train/16021.jpg,0.028767694
14114,Jeans,./A2_FashionDataset/FashionDataset/train/images_train/14114.jpg,3,19573,Track Pants,./A2_FashionDataset/FashionDataset/train/images_train/19573.jpg,0.03136392
14114,Jeans,./A2_FashionDataset/FashionDataset/train/images_train/14114.jpg,4,43249,Jeans,./A2_FashionDataset/FashionDataset/train/images_train/43249.jpg,0.03184039
14114,Jeans,./A2_FashionDataset/FashionDataset/train/images_train/14114.jpg,5,10489,Jeans,./A2_FashionDataset/FashionDataset/train/images_train/10489.jpg,0.032207057
4697,Watches,./A2_FashionDataset/FashionDataset/train/images_train/4697.jpg,1,22920,Watches,./A2_FashionDataset/FashionDataset/train/images_train/22920.jpg,0.030743204
4697,Watches,./A2_FashionDataset/FashionDataset/train/images_train/4697.jpg,2,10383,Watches,./A2_FashionDataset/FashionDataset/train/images_train/10383.jpg,0.042258263
4697,Watches,./A2_FashionDataset/FashionDataset/train/images_train/4697.jpg,3,21683,Watches,./A2_FashionDataset/FashionDataset/train/images_train/21683.jpg,0.0492214
4697,Watches,./A2_FashionDataset/FashionDataset/train/images_train/4697.jpg,4,4696,Watches,./A2_FashionDataset/FashionDataset/train/images_train/4696.jpg,0.050205857
4697,Watches,./A2_FashionDataset/FashionDataset/train/images_train/4697.jpg,5,32303,Watches,./A2_FashionDataset/FashionDataset/train/images_train/32303.jpg,0.05440613
12460,Shirts,./A2_FashionDataset/FashionDataset/train/images_train/12460.jpg,1,12251,Shirts,./A2_FashionDataset/FashionDataset/train/images_train/12251.jpg,0.0018482803
12460,Shirts,./A2_FashionDataset/FashionDataset/train/images_train/12460.jpg,2,12275,Shirts,./A2_FashionDataset/FashionDataset/train/images_train/12275.jpg,0.006363997
12460,Shirts,./A2_FashionDataset/FashionDataset/train/images_train/12460.jpg,3,44637,Tshirts,./A2_FashionDataset/FashionDataset/train/images_train/44637.jpg,0.010900926
12460,Shirts,./A2_FashionDataset/FashionDataset/train/images_train/12460.jpg,4,3775,Tshirts,./A2_FashionDataset/FashionDataset/train/images_train/3775.jpg,0.013276267
12460,Shirts,./A2_FashionDataset/FashionDataset/train/images_train/12460.jpg,5,12490,Shirts,./A2_FashionDataset/FashionDataset/train/images_train/12490.jpg,0.018019462
46905,Jeans,./A2_FashionDataset/FashionDataset/train/images_train/46905.jpg,1,26996,Jeans,./A2_FashionDataset/FashionDataset/train/images_train/26996.jpg,0.028541122
46905,Jeans,./A2_FashionDataset/FashionDataset/train/images_train/46905.jpg,2,11291,Jeans,./A2_FashionDataset/FashionDataset/train/images_train/11291.jpg,0.03194047
46905,Jeans,./A2_FashionDataset/FashionDataset/train/images_train/46905.jpg,3,44686,Leggings,./A2_FashionDataset/FashionDataset/train/images_train/44686.jpg,0.034301057
46905,Jeans,./A2_FashionDataset/FashionDataset/train/images_train/46905.jpg,4,38577,Track Pants,./A2_FashionDataset/FashionDataset/train/images_train/38577.jpg,0.03460179
46905,Jeans,./A2_FashionDataset/FashionDataset/train/images_train/46905.jpg,5,27267,Trousers,./A2_FashionDataset/FashionDataset/train/images_train/27267.jpg,0.03892301
5404,Sports Shoes,./A2_FashionDataset/FashionDataset/train/images_train/5404.jpg,1,3545,Casual Shoes,./A2_FashionDataset/FashionDataset/train/images_train/3545.jpg,0.034382083
5404,Sports Shoes,./A2_FashionDataset/FashionDataset/train/images_train/5404.jpg,2,5342,Casual Shoes,./A2_FashionDataset/FashionDataset/train/images_train/5342.jpg,0.05101828
5404,Sports Shoes,./A2_FashionDataset/FashionDataset/train/images_train/5404.jpg,3,4543,Sports Shoes,./A2_FashionDataset/FashionDataset/train/images_train/4543.jpg,0.051868342
5404,Sports Shoes,./A2_FashionDataset/FashionDataset/train/images_train/5404.jpg,4,4642,Sports Shoes,./A2_FashionDataset/FashionDataset/train/images_train/4642.jpg,0.056152843
5404,Sports Shoes,./A2_FashionDataset/FashionDataset/train/images_train/5404.jpg,5,5287,Casual Shoes,./A2_FashionDataset/FashionDataset/train/images_train/5287.jpg,0.060436882
20076,Deodorant,./A2_FashionDataset/FashionDataset/train/images_train/20076.jpg,1,26737,Deodorant,./A2_FashionDataset/FashionDataset/train/images_train/26737.jpg,0.0777926
20076,Deodorant,./A2_FashionDataset/FashionDataset/train/images_train/20076.jpg,2,26732,Deodorant,./A2_FashionDataset/FashionDataset/train/images_train/26732.jpg,0.08384016
20076,Deodorant,./A2_FashionDataset/FashionDataset/train/images_train/20076.jpg,3,28267,Deodorant,./A2_FashionDataset/FashionDataset/train/images_train/28267.jpg,0.09794794
20076,Deodorant,./A2_FashionDataset/FashionDataset/train/images_train/20076.jpg,4,26738,Deodorant,./A2_FashionDataset/FashionDataset/train/images_train/26738.jpg,0.10561368
20076,Deodorant,./A2_FashionDataset/FashionDataset/train/images_train/20076.jpg,5,28220,Deodorant,./A2_FashionDataset/FashionDataset/train/images_train/28220.jpg,0.105685286
28236,Deodorant,./A2_FashionDataset/FashionDataset/train/images_train/28236.jpg,1,28223,Deodorant,./A2_FashionDataset/FashionDataset/train/images_train/28223.jpg,0.08259891
28236,Deodorant,./A2_FashionDataset/FashionDataset/train/images_train/28236.jpg,2,46759,Perfume and Body Mist,./A2_FashionDataset/FashionDataset/train/images_train/46759.jpg,0.08976887
28236,Deodorant,./A2_FashionDataset/FashionDataset/train/images_train/28236.jpg,3,44180,Perfume and Body Mist,./A2_FashionDataset/FashionDataset/train/images_train/44180.jpg,0.0973037
28236,Deodorant,./A2_FashionDataset/FashionDataset/train/images_train/28236.jpg,4,28233,Deodorant,./A2_FashionDataset/FashionDataset/train/images_train/28233.jpg,0.099335775
28236,Deodorant,./A2_FashionDataset/FashionDataset/train/images_train/28236.jpg,5,44960,Deodorant,./A2_FashionDataset/FashionDataset/train/images_train/44960.jpg,0.10375163
23578,Fragrance Gift Set,./A2_FashionDataset/FashionDataset/train/images_train/23578.jpg,1,12493,Handbags,./A2_FashionDataset/FashionDataset/train/images_train/12493.jpg,0.46780518
23578,Fragrance Gift Set,./A2_FashionDataset/FashionDataset/train/images_train/23578.jpg,2,48576,Bracelet,./A2_FashionDataset/FashionDataset/train/images_train/48576.jpg,0.48192093
23578,Fragrance Gift Set,./A2_FashionDataset/FashionDataset/train/images_train/23578.jpg,3,10660,Shorts,./A2_FashionDataset/FashionDataset/train/images_train/10660.jpg,0.56491876
23578,Fragrance Gift Set,./A2_FashionDataset/FashionDataset/train/images_train/23578.jpg,4,15783,Briefs,./A2_FashionDataset/FashionDataset/train/images_train/15783.jpg,0.60732216
23578,Fragrance Gift Set,./A2_FashionDataset/FashionDataset/train/images_train/23578.jpg,5,18825,Wallets,./A2_FashionDataset/FashionDataset/train/images_train/18825.jpg,0.6322424
8156,Shirts,./A2_FashionDataset/FashionDataset/train/images_train/8156.jpg,1,9644,Shirts,./A2_FashionDataset/FashionDataset/train/images_train/9644.jpg,0.00696668
8156,Shirts,./A2_FashionDataset/FashionDataset/train/images_train/8156.jpg,2,14051,Shirts,./A2_FashionDataset/FashionDataset/train/images_train/14051.jpg,0.008133763
8156,Shirts,./A2_FashionDataset/FashionDataset/train/images_train/8156.jpg,3,6611,Shirts,./A2_FashionDataset/FashionDataset/train/images_train/6611.jpg,0.01118871
8156,Shirts,./A2_FashionDataset/FashionDataset/train/images_train/8156.jpg,4,16464,Shirts,./A2_FashionDataset/FashionDataset/train/images_train/16464.jpg,0.011978496
8156,Shirts,./A2_FashionDataset/FashionDataset/train/images_train/8156.jpg,5,16466,Shirts,./A2_FashionDataset/FashionDataset/train/images_train/16466.jpg,0.013745936
33135,Heels,./A2_FashionDataset/FashionDataset/train/images_train/33135.jpg,1,45420,Flats,./A2_FashionDataset/FashionDataset/train/images_train/45420.jpg,0.029551845
33135,Heels,./A2_FashionDataset/FashionDataset/train/images_train/33135.jpg,2,45419,Flats,./A2_FashionDataset/FashionDataset/train/images_train/45419.jpg,0.03598608
33135,Heels,./A2_FashionDataset/FashionDataset/train/images_train/33135.jpg,3,17644,Flip Flops,./A2_FashionDataset/FashionDataset/train/images_train/17644.jpg,0.040070206
33135,Heels,./A2_FashionDataset/FashionDataset/train/images_train/33135.jpg,4,42727,Flats,./A2_FashionDataset/FashionDataset/train/images_train/42727.jpg,0.044792622
33135,Heels,./A2_FashionDataset/FashionDataset/train/images_train/33135.jpg,5,40779,Flip Flops,./A2_FashionDataset/FashionDataset/train/images_train/40779.jpg,0.045642912
15866,Casual Shoes,./A2_FashionDataset/FashionDataset/train/images_train/15866.jpg,1,15879,Sandals,./A2_FashionDataset/FashionDataset/train/images_train/15879.jpg,0.050263662
15866,Casual Shoes,./A2_FashionDataset/FashionDataset/train/images_train/15866.jpg,2,14361,Heels,./A2_FashionDataset/FashionDataset/train/images_train/14361.jpg,0.053059466
15866,Casual Shoes,./A2_FashionDataset/FashionDataset/train/images_train/15866.jpg,3,20864,Sandals,./A2_FashionDataset/FashionDataset/train/images_train/20864.jpg,0.05562021
15866,Casual Shoes,./A2_FashionDataset/FashionDataset/train/images_train/15866.jpg,4,8982,Casual Shoes,./A2_FashionDataset/FashionDataset/train/images_train/8982.jpg,0.061120234
15866,Casual Shoes,./A2_FashionDataset/FashionDataset/train/images_train/15866.jpg,5,42130,Sports Shoes,./A2_FashionDataset/FashionDataset/train/images_train/42130.jpg,0.06253581
3657,Casual Shoes,./A2_FashionDataset/FashionDataset/train/images_train/3657.jpg,1,32841,Heels,./A2_FashionDataset/FashionDataset/train/images_train/32841.jpg,0.041806124
3657,Casual Shoes,./A2_FashionDataset/FashionDataset/train/images_train/3657.jpg,2,6676,Sports Shoes,./A2_FashionDataset/FashionDataset/train/images_train/6676.jpg,0.0437189
3657,Casual Shoes,./A2_FashionDataset/FashionDataset/train/images_train/3657.jpg,3,11829,Casual Shoes,./A2_FashionDataset/FashionDataset/train/images_train/11829.jpg,0.045042515
3657,Casual Shoes,./A2_FashionDataset/FashionDataset/train/images_train/3657.jpg,4,39887,Sports Shoes,./A2_FashionDataset/FashionDataset/train/images_train/39887.jpg,0.048130713
3657,Casual Shoes,./A2_FashionDataset/FashionDataset/train/images_train/3657.jpg,5,8210,Casual Shoes,./A2_FashionDataset/FashionDataset/train/images_train/8210.jpg,0.049609166
12043,Shirts,./A2_FashionDataset/FashionDataset/train/images_train/12043.jpg,1,12037,Shirts,./A2_FashionDataset/FashionDataset/train/images_train/12037.jpg,0.009803448
12043,Shirts,./A2_FashionDataset/FashionDataset/train/images_train/12043.jpg,2,9470,Shirts,./A2_FashionDataset/FashionDataset/train/images_train/9470.jpg,0.013025735
12043,Shirts,./A2_FashionDataset/FashionDataset/train/images_train/12043.jpg,3,9469,Shirts,./A2_FashionDataset/FashionDataset/train/images_train/9469.jpg,0.013025735
12043,Shirts,./A2_FashionDataset/FashionDataset/train/images_train/12043.jpg,4,12022,Shirts,./A2_FashionDataset/FashionDataset/train/images_train/12022.jpg,0.013905792
12043,Shirts,./A2_FashionDataset/FashionDataset/train/images_train/12043.jpg,5,12036,Shirts,./A2_FashionDataset/FashionDataset/train/images_train/12036.jpg,0.014451203
10665,Tshirts,./A2_FashionDataset/FashionDataset/train/images_train/10665.jpg,1,3742,Tshirts,./A2_FashionDataset/FashionDataset/train/images_train/3742.jpg,0.0106957555
10665,Tshirts,./A2_FashionDataset/FashionDataset/train/images_train/10665.jpg,2,34018,Tshirts,./A2_FashionDataset/FashionDataset/train/images_train/34018.jpg,0.011589009
10665,Tshirts,./A2_FashionDataset/FashionDataset/train/images_train/10665.jpg,3,31103,Tshirts,./A2_FashionDataset/FashionDataset/train/images_train/31103.jpg,0.011589009
10665,Tshirts,./A2_FashionDataset/FashionDataset/train/images_train/10665.jpg,4,34019,Tshirts,./A2_FashionDataset/FashionDataset/train/images_train/34019.jpg,0.0115890205
10665,Tshirts,./A2_FashionDataset/FashionDataset/train/images_train/10665.jpg,5,12843,Tshirts,./A2_FashionDataset/FashionDataset/train/images_train/12843.jpg,0.0118772695
44159,Fragrance Gift Set,./A2_FashionDataset/FashionDataset/train/images_train/44159.jpg,1,25948,Scarves,./A2_FashionDataset/FashionDataset/train/images_train/25948.jpg,0.2649365
44159,Fragrance Gift Set,./A2_FashionDataset/FashionDataset/train/images_train/44159.jpg,2,23373,Boxers,./A2_FashionDataset/FashionDataset/train/images_train/23373.jpg,0.28788292
44159,Fragrance Gift Set,./A2_FashionDataset/FashionDataset/train/images_train/44159.jpg,3,6567,Tshirts,./A2_FashionDataset/FashionDataset/train/images_train/6567.jpg,0.36158538
44159,Fragrance Gift Set,./A2_FashionDataset/FashionDataset/train/images_train/44159.jpg,4,30483,Bra,./A2_FashionDataset/FashionDataset/train/images_train/30483.jpg,0.4130961
44159,Fragrance Gift Set,./A2_FashionDataset/FashionDataset/train/images_train/44159.jpg,5,7027,Tshirts,./A2_FashionDataset/FashionDataset/train/images_train/7027.jpg,0.46312958
7968,Sandals,./A2_FashionDataset/FashionDataset/train/images_train/7968.jpg,1,23852,Sports Shoes,./A2_FashionDataset/FashionDataset/train/images_train/23852.jpg,0.013803892
7968,Sandals,./A2_FashionDataset/FashionDataset/train/images_train/7968.jpg,2,44236,Sports Shoes,./A2_FashionDataset/FashionDataset/train/images_train/44236.jpg,0.01948928
7968,Sandals,./A2_FashionDataset/FashionDataset/train/images_train/7968.jpg,3,3160,Sports Shoes,./A2_FashionDataset/FashionDataset/train/images_train/3160.jpg,0.019987699
7968,Sandals,./A2_FashionDataset/FashionDataset/train/images_train/7968.jpg,4,6148,Sandals,./A2_FashionDataset/FashionDataset/train/images_train/6148.jpg,0.020444686
7968,Sandals,./A2_FashionDataset/FashionDataset/train/images_train/7968.jpg,5,8080,Sports Shoes,./A2_FashionDataset/FashionDataset/train/images_train/8080.jpg,0.02072528
32497,Casual Shoes,./A2_FashionDataset/FashionDataset/train/images_train/32497.jpg,1,15524,Heels,./A2_FashionDataset/FashionDataset/train/images_train/15524.jpg,0.020551518
32497,Casual Shoes,./A2_FashionDataset/FashionDataset/train/images_train/32497.jpg,2,43878,Casual Shoes,./A2_FashionDataset/FashionDataset/train/images_train/43878.jpg,0.022012044
32497,Casual Shoes,./A2_FashionDataset/FashionDataset/train/images_train/32497.jpg,3,13172,Sandals,./A2_FashionDataset/FashionDataset/train/images_train/13172.jpg,0.023613025
32497,Casual Shoes,./A2_FashionDataset/FashionDataset/train/images_train/32497.jpg,4,39829,Sandals,./A2_FashionDataset/FashionDataset/train/images_train/39829.jpg,0.023681965
32497,Casual Shoes,./A2_FashionDataset/FashionDataset/train/images_train/32497.jpg,5,41724,Heels,./A2_FashionDataset/FashionDataset/train/images_train/41724.jpg,0.024606135
41680,Heels,./A2_FashionDataset/FashionDataset/train/images_train/41680.jpg,1,42692,Flats,./A2_FashionDataset/FashionDataset/train/images_train/42692.jpg,0.021048676
41680,Heels,./A2_FashionDataset/FashionDataset/train/images_train/41680.jpg,2,47451,Flats,./A2_FashionDataset/FashionDataset/train/images_train/47451.jpg,0.023062281
41680,Heels,./A2_FashionDataset/FashionDataset/train/images_train/41680.jpg,3,19047,Heels,./A2_FashionDataset/FashionDataset/train/images_train/19047.jpg,0.023679737
41680,Heels,./A2_FashionDataset/FashionDataset/train/images_train/41680.jpg,4,7320,Flip Flops,./A2_FashionDataset/FashionDataset/train/images_train/7320.jpg,0.027093815
41680,Heels,./A2_FashionDataset/FashionDataset/train/images_train/41680.jpg,5,45424,Flats,./A2_FashionDataset/FashionDataset/train/images_train/45424.jpg,0.027462836
5266,Backpacks,./A2_FashionDataset/FashionDataset/train/images_train/5266.jpg,1,38745,Backpacks,./A2_FashionDataset/FashionDataset/train/images_train/38745.jpg,0.022963762
5266,Backpacks,./A2_FashionDataset/FashionDataset/train/images_train/5266.jpg,2,9794,Backpacks,./A2_FashionDataset/FashionDataset/train/images_train/9794.jpg,0.035172738
5266,Backpacks,./A2_FashionDataset/FashionDataset/train/images_train/5266.jpg,3,39884,Backpacks,./A2_FashionDataset/FashionDataset/train/images_train/39884.jpg,0.037548684
5266,Backpacks,./A2_FashionDataset/FashionDataset/train/images_train/5266.jpg,4,21190,Backpacks,./A2_FashionDataset/FashionDataset/train/images_train/21190.jpg,0.0405828
5266,Backpacks,./A2_FashionDataset/FashionDataset/train/images_train/5266.jpg,5,1933,Backpacks,./A2_FashionDataset/FashionDataset/train/images_train/1933.jpg,0.053402755
3209,Tshirts,./A2_FashionDataset/FashionDataset/train/images_train/3209.jpg,1,16607,Tops,./A2_FashionDataset/FashionDataset/train/images_train/16607.jpg,0.009634508
3209,Tshirts,./A2_FashionDataset/FashionDataset/train/images_train/3209.jpg,2,41785,Tops,./A2_FashionDataset/FashionDataset/train/images_train/41785.jpg,0.015373801
3209,Tshirts,./A2_FashionDataset/FashionDataset/train/images_train/3209.jpg,3,10575,Tshirts,./A2_FashionDataset/FashionDataset/train/images_train/10575.jpg,0.01628671
3209,Tshirts,./A2_FashionDataset/FashionDataset/train/images_train/3209.jpg,4,19006,Tshirts,./A2_FashionDataset/FashionDataset/train/images_train/19006.jpg,0.017224954
3209,Tshirts,./A2_FashionDataset/FashionDataset/train/images_train/3209.jpg,5,8435,Tops,./A2_FashionDataset/FashionDataset/train/images_train/8435.jpg,0.018967934
19176,Shirts,./A2_FashionDataset/FashionDataset/train/images_train/19176.jpg,1,1924,Tshirts,./A2_FashionDataset/FashionDataset/train/images_train/1924.jpg,0.005846376
19176,Shirts,./A2_FashionDataset/FashionDataset/train/images_train/19176.jpg,2,12930,Tshirts,./A2_FashionDataset/FashionDataset/train/images_train/12930.jpg,0.0058688177
19176,Shirts,./A2_FashionDataset/FashionDataset/train/images_train/19176.jpg,3,16045,Shirts,./A2_FashionDataset/FashionDataset/train/images_train/16045.jpg,0.0069544525
19176,Shirts,./A2_FashionDataset/FashionDataset/train/images_train/19176.jpg,4,8148,Shirts,./A2_FashionDataset/FashionDataset/train/images_train/8148.jpg,0.009072851
19176,Shirts,./A2_FashionDataset/FashionDataset/train/images_train/19176.jpg,5,16546,Shirts,./A2_FashionDataset/FashionDataset/train/images_train/16546.jpg,0.009830227
28265,Deodorant,./A2_FashionDataset/FashionDataset/train/images_train/28265.jpg,1,26198,Perfume and Body Mist,./A2_FashionDataset/FashionDataset/train/images_train/26198.jpg,0.108174995
28265,Deodorant,./A2_FashionDataset/FashionDataset/train/images_train/28265.jpg,2,28268,Deodorant,./A2_FashionDataset/FashionDataset/train/images_train/28268.jpg,0.11402096
28265,Deodorant,./A2_FashionDataset/FashionDataset/train/images_train/28265.jpg,3,27308,Deodorant,./A2_FashionDataset/FashionDataset/train/images_train/27308.jpg,0.11858701
28265,Deodorant,./A2_FashionDataset/FashionDataset/train/images_train/28265.jpg,4,27327,Deodorant,./A2_FashionDataset/FashionDataset/train/images_train/27327.jpg,0.12882657
28265,Deodorant,./A2_FashionDataset/FashionDataset/train/images_train/28265.jpg,5,26004,Perfume and Body Mist,./A2_FashionDataset/FashionDataset/train/images_train/26004.jpg,0.12912486
11368,Jackets,./A2_FashionDataset/FashionDataset/train/images_train/11368.jpg,1,20300,Sweaters,./A2_FashionDataset/FashionDataset/train/images_train/20300.jpg,0.060324557
11368,Jackets,./A2_FashionDataset/FashionDataset/train/images_train/11368.jpg,2,18301,Kurtas,./A2_FashionDataset/FashionDataset/train/images_train/18301.jpg,0.060638517
11368,Jackets,./A2_FashionDataset/FashionDataset/train/images_train/11368.jpg,3,20229,Sweaters,./A2_FashionDataset/FashionDataset/train/images_train/20229.jpg,0.0781565
11368,Jackets,./A2_FashionDataset/FashionDataset/train/images_train/11368.jpg,4,20135,Shirts,./A2_FashionDataset/FashionDataset/train/images_train/20135.jpg,0.07935768
11368,Jackets,./A2_FashionDataset/FashionDataset/train/images_train/11368.jpg,5,42241,Tops,./A2_FashionDataset/FashionDataset/train/images_train/42241.jpg,0.093876824
26874,Tshirts,./A2_FashionDataset/FashionDataset/train/images_train/26874.jpg,1,33566,Tshirts,./A2_FashionDataset/FashionDataset/train/images_train/33566.jpg,0.005279972
26874,Tshirts,./A2_FashionDataset/FashionDataset/train/images_train/26874.jpg,2,22219,Tshirts,./A2_FashionDataset/FashionDataset/train/images_train/22219.jpg,0.009051283
26874,Tshirts,./A2_FashionDataset/FashionDataset/train/images_train/26874.jpg,3,12211,Tshirts,./A2_FashionDataset/FashionDataset/train/images_train/12211.jpg,0.01035288
26874,Tshirts,./A2_FashionDataset/FashionDataset/train/images_train/26874.jpg,4,33563,Tshirts,./A2_FashionDataset/FashionDataset/train/images_train/33563.jpg,0.012882914
26874,Tshirts,./A2_FashionDataset/FashionDataset/train/images_train/26874.jpg,5,26882,Tshirts,./A2_FashionDataset/FashionDataset/train/images_train/26882.jpg,0.019554213
14323,Sweaters,./A2_FashionDataset/FashionDataset/train/images_train/14323.jpg,1,27087,Kurtas,./A2_FashionDataset/FashionDataset/train/images_train/27087.jpg,0.06606023
14323,Sweaters,./A2_FashionDataset/FashionDataset/train/images_train/14323.jpg,2,22392,Tops,./A2_FashionDataset/FashionDataset/train/images_train/22392.jpg,0.0915121
14323,Sweaters,./A2_FashionDataset/FashionDataset/train/images_train/14323.jpg,3,15104,Kurtas,./A2_FashionDataset/FashionDataset/train/images_train/15104.jpg,0.09535198
14323,Sweaters,./A2_FashionDataset/FashionDataset/train/images_train/14323.jpg,4,34305,Stoles,./A2_FashionDataset/FashionDataset/train/images_train/34305.jpg,0.09669457
14323,Sweaters,./A2_FashionDataset/FashionDataset/train/images_train/14323.jpg,5,8493,Skirts,./A2_FashionDataset/FashionDataset/train/images_train/8493.jpg,0.10158086
34440,Tshirts,./A2_FashionDataset/FashionDataset/train/images_train/34440.jpg,1,10064,Tshirts,./A2_FashionDataset/FashionDataset/train/images_train/10064.jpg,0.014530407
34440,Tshirts,./A2_FashionDataset/FashionDataset/train/images_train/34440.jpg,2,24707,Tshirts,./A2_FashionDataset/FashionDataset/train/images_train/24707.jpg,0.019052576
34440,Tshirts,./A2_FashionDataset/FashionDataset/train/images_train/34440.jpg,3,18850,Tshirts,./A2_FashionDataset/FashionDataset/train/images_train/18850.jpg,0.019351691
34440,Tshirts,./A2_FashionDataset/FashionDataset/train/images_train/34440.jpg,4,13517,Tshirts,./A2_FashionDataset/FashionDataset/train/images_train/13517.jpg,0.02516757
34440,Tshirts,./A2_FashionDataset/FashionDataset/train/images_train/34440.jpg,5,27372,Tshirts,./A2_FashionDataset/FashionDataset/train/images_train/27372.jpg,0.02614319
24670,Casual Shoes,./A2_FashionDataset/FashionDataset/train/images_train/24670.jpg,1,47595,Heels,./A2_FashionDataset/FashionDataset/train/images_train/47595.jpg,0.027477924
24670,Casual Shoes,./A2_FashionDataset/FashionDataset/train/images_train/24670.jpg,2,37974,Casual Shoes,./A2_FashionDataset/FashionDataset/train/images_train/37974.jpg,0.03236304
24670,Casual Shoes,./A2_FashionDataset/FashionDataset/train/images_train/24670.jpg,3,35529,Sandals,./A2_FashionDataset/FashionDataset/train/images_train/35529.jpg,0.033433832
24670,Casual Shoes,./A2_FashionDataset/FashionDataset/train/images_train/24670.jpg,4,29230,Sports Sandals,./A2_FashionDataset/FashionDataset/train/images_train/29230.jpg,0.034905434
24670,Casual Shoes,./A2_FashionDataset/FashionDataset/train/images_train/24670.jpg,5,20777,Flats,./A2_FashionDataset/FashionDataset/train/images_train/20777.jpg,0.034919474
2396,Casual Shoes,./A2_FashionDataset/FashionDataset/train/images_train/2396.jpg,1,7252,Formal Shoes,./A2_FashionDataset/FashionDataset/train/images_train/7252.jpg,0.03744122
2396,Casual Shoes,./A2_FashionDataset/FashionDataset/train/images_train/2396.jpg,2,7219,Formal Shoes,./A2_FashionDataset/FashionDataset/train/images_train/7219.jpg,0.04573146
2396,Casual Shoes,./A2_FashionDataset/FashionDataset/train/images_train/2396.jpg,3,2398,Casual Shoes,./A2_FashionDataset/FashionDataset/train/images_train/2398.jpg,0.057244226
2396,Casual Shoes,./A2_FashionDataset/FashionDataset/train/images_train/2396.jpg,4,7220,Formal Shoes,./A2_FashionDataset/FashionDataset/train/images_train/7220.jpg,0.061185874
2396,Casual Shoes,./A2_FashionDataset/FashionDataset/train/images_train/2396.jpg,5,7233,Formal Shoes,./A2_FashionDataset/FashionDataset/train/images_train/7233.jpg,0.06855294
48485,Dresses,./A2_FashionDataset/FashionDataset/train/images_train/48485.jpg,1,11806,Kurtas,./A2_FashionDataset/FashionDataset/train/images_train/11806.jpg,0.019650213
48485,Dresses,./A2_FashionDataset/FashionDataset/train/images_train/48485.jpg,2,12142,Kurtas,./A2_FashionDataset/FashionDataset/train/images_train/12142.jpg,0.020119553
48485,Dresses,./A2_FashionDataset/FashionDataset/train/images_train/48485.jpg,3,27094,Kurtas,./A2_FashionDataset/FashionDataset/train/images_train/27094.jpg,0.023392964
48485,Dresses,./A2_FashionDataset/FashionDataset/train/images_train/48485.jpg,4,10498,Tops,./A2_FashionDataset/FashionDataset/train/images_train/10498.jpg,0.029717203
48485,Dresses,./A2_FashionDataset/FashionDataset/train/images_train/48485.jpg,5,22778,Kurtas,./A2_FashionDataset/FashionDataset/train/images_train/22778.jpg,0.031749252
45096,Bra,./A2_FashionDataset/FashionDataset/train/images_train/45096.jpg,1,27398,Bra,./A2_FashionDataset/FashionDataset/train/images_train/27398.jpg,0.23216583
45096,Bra,./A2_FashionDataset/FashionDataset/train/images_train/45096.jpg,2,27134,Bra,./A2_FashionDataset/FashionDataset/train/images_train/27134.jpg,0.25058952
45096,Bra,./A2_FashionDataset/FashionDataset/train/images_train/45096.jpg,3,50977,Bra,./A2_FashionDataset/FashionDataset/train/images_train/50977.jpg,0.25854525
45096,Bra,./A2_FashionDataset/FashionDataset/train/images_train/45096.jpg,4,39228,Shirts,./A2_FashionDataset/FashionDataset/train/images_train/39228.jpg,0.28813967
45096,Bra,./A2_FashionDataset/FashionDataset/train/images_train/45096.jpg,5,51815,Bra,./A2_FashionDataset/FashionDataset/train/images_train/51815.jpg,0.29136544
23814,Casual Shoes,./A2_FashionDataset/FashionDataset/train/images_train/23814.jpg,1,35633,Flip Flops,./A2_FashionDataset/FashionDataset/train/images_train/35633.jpg,0.07607059
23814,Casual Shoes,./A2_FashionDataset/FashionDataset/train/images_train/23814.jpg,2,13655,Sandals,./A2_FashionDataset/FashionDataset/train/images_train/13655.jpg,0.078247026
23814,Casual Shoes,./A2_FashionDataset/FashionDataset/train/images_train/23814.jpg,3,3636,Flip Flops,./A2_FashionDataset/FashionDataset/train/images_train/3636.jpg,0.09126294
23814,Casual Shoes,./A2_FashionDataset/FashionDataset/train/images_train/23814.jpg,4,47218,Sandals,./A2_FashionDataset/FashionDataset/train/images_train/47218.jpg,0.095154434
23814,Casual Shoes,./A2_FashionDataset/FashionDataset/train/images_train/23814.jpg,5,33537,Flats,./A2_FashionDataset/FashionDataset/train/images_train/33537.jpg,0.10788332
38722,Tunics,./A2_FashionDataset/FashionDataset/train/images_train/38722.jpg,1,12070,Kurtas,./A2_FashionDataset/FashionDataset/train/images_train/12070.jpg,0.11025704
38722,Tunics,./A2_FashionDataset/FashionDataset/train/images_train/38722.jpg,2,43264,Kurtas,./A2_FashionDataset/FashionDataset/train/images_train/43264.jpg,0.11806667
38722,Tunics,./A2_FashionDataset/FashionDataset/train/images_train/38722.jpg,3,24383,Kurtas,./A2_FashionDataset/FashionDataset/train/images_train/24383.jpg,0.12157067
38722,Tunics,./A2_FashionDataset/FashionDataset/train/images_train/38722.jpg,4,14536,Kurtis,./A2_FashionDataset/FashionDataset/train/images_train/14536.jpg,0.12530906
38722,Tunics,./A2_FashionDataset/FashionDataset/train/images_train/38722.jpg,5,31319,Kurtas,./A2_FashionDataset/FashionDataset/train/images_train/31319.jpg,0.152534
46804,Sports Shoes,./A2_FashionDataset/FashionDataset/train/images_train/46804.jpg,1,40315,Sports Shoes,./A2_FashionDataset/FashionDataset/train/images_train/40315.jpg,0.023319928
46804,Sports Shoes,./A2_FashionDataset/FashionDataset/train/images_train/46804.jpg,2,22524,Sandals,./A2_FashionDataset/FashionDataset/train/images_train/22524.jpg,0.024852486
46804,Sports Shoes,./A2_FashionDataset/FashionDataset/train/images_train/46804.jpg,3,41438,Sports Shoes,./A2_FashionDataset/FashionDataset/train/images_train/41438.jpg,0.028844599
46804,Sports Shoes,./A2_FashionDataset/FashionDataset/train/images_train/46804.jpg,4,5577,Sports Shoes,./A2_FashionDataset/FashionDataset/train/images_train/5577.jpg,0.029562807
46804,Sports Shoes,./A2_FashionDataset/FashionDataset/train/images_train/46804.jpg,5,44758,Casual Shoes,./A2_FashionDataset/FashionDataset/train/images_train/44758.jpg,0.02993837
