id,predicted_articleType
52003,Lounge Tshirts
52007,Nightdress
52017,Tshirts
52021,Bra
52023,Tshirts
52026,Jackets
52027,Shirts
52028,Shirts
52029,Shirts
52030,Shirts
52031,Jackets
52032,Jackets
52034,Shirts
52042,Jackets
52043,Shirts
52044,Shirts
52045,Shirts
52049,Tshirts
52050,Tshirts
52051,Tshirts
52052,Tshirts
52053,Tshirts
52054,Tshirts
52055,Tshirts
52056,Tshirts
52057,Tshirts
52058,Tshirts
52059,Tshirts
52060,Tshirts
52061,Tshirts
52062,Tshirts
52063,Tshirts
52064,Tshirts
52065,Tshirts
52066,Tshirts
52067,Tshirts
52068,Tshirts
52069,Tshirts
52070,Tshirts
52071,Tshirts
52072,Tshirts
52073,Shirts
52074,Tshirts
52075,Tshirts
52076,Shirts
52077,Shirts
52078,Tshirts
52079,Shirts
52080,Shirts
52081,Shirts
52082,Shirts
52083,Tshirts
52084,Tops
52085,Tshirts
52086,Tshirts
52087,Tops
52088,Shirts
52089,Tshirts
52090,Tshirts
52091,Shirts
52092,Tshirts
52093,Tshirts
52094,Tops
52095,Tshirts
52096,Tops
52097,Tshirts
52098,Tshirts
52099,Shirts
52100,Kurtas
52101,Shirts
52102,Kurtas
52103,Dresses
52104,Kurtas
52105,Kurtas
52106,Stoles
52107,Kurtas
52108,Shirts
52109,Kurtas
52110,Kurtas
52111,Tunics
52112,Sarees
52113,Tunics
52114,Dresses
52115,Tshirts
52116,Tshirts
52117,Shirts
52118,Shirts
52119,Dresses
52120,Shorts
52121,Tshirts
52122,Shirts
52123,Tshirts
52124,Tshirts
52125,Shorts
52126,Tshirts
52127,Tshirts
52128,Lipstick
52129,Shirts
52130,Backpacks
52131,Backpacks
52132,Tshirts
52133,Jeans
52134,Stockings
52135,Tshirts
52136,Tshirts
52137,Tshirts
52138,Tshirts
52139,Tshirts
52140,Tshirts
52141,Tshirts
52142,Tshirts
52143,Tshirts
52144,Tshirts
52145,Tshirts
52146,Tshirts
52147,Tshirts
52148,Tshirts
52149,Tshirts
52150,Tshirts
52151,Tshirts
52153,Shirts
52154,Shirts
52155,Tshirts
52156,Tshirts
52157,Shirts
52158,Shirts
52159,Waistcoat
52160,Dresses
52161,Dresses
52162,Tshirts
52163,Tshirts
52164,Tshirts
52165,Shirts
52166,Shirts
52168,Lipstick
52169,Necklace and Chains
52172,Messenger Bag
52173,Sports Shoes
52176,Necklace and Chains
52177,Shirts
52178,Casual Shoes
52179,Necklace and Chains
52180,Earrings
52181,Kajal and Eyeliner
52182,Necklace and Chains
52183,Earrings
52185,Necklace and Chains
52186,Necklace and Chains
52187,Cufflinks
52190,Sports Shoes
52191,Sports Shoes
52193,Shirts
52195,Shirts
52198,Earrings
52200,Shirts
52202,Shirts
52204,Necklace and Chains
52205,Shirts
52209,Necklace and Chains
52210,Necklace and Chains
52211,Necklace and Chains
52214,Necklace and Chains
52220,Jewellery Set
52221,Shirts
52222,Gloves
52223,Shirts
52224,Shirts
52225,Watches
52228,Sports Shoes
52230,Watches
52235,Jeans
52254,Boxers
52255,Boxers
52256,Boxers
52257,Boxers
52299,Shorts
52303,Earrings
52304,Bra
52305,Kajal and Eyeliner
52306,Lip Liner
52307,Kajal and Eyeliner
52308,Necklace and Chains
52309,Necklace and Chains
52310,Kajal and Eyeliner
52311,Necklace and Chains
52312,Necklace and Chains
52313,Duffel Bag
52314,Sports Shoes
52315,Belts
52316,Messenger Bag
52317,Messenger Bag
52318,Flip Flops
52320,Sports Shoes
52322,Belts
52323,Wallets
52324,Belts
52325,Wallets
52326,Wallets
52327,Messenger Bag
52328,Basketballs
52329,Tshirts
52330,Wallets
52331,Wallets
52332,Wallets
52333,Waist Pouch
52334,Clutches
52335,Clutches
52336,Clutches
52337,Clutches
52338,Clutches
52339,Clutches
52340,Tshirts
52341,Sarees
52342,Dresses
52343,Dresses
52344,Dresses
52345,Tops
52346,Tops
52347,Night suits
52348,Tops
52349,Night suits
52350,Night suits
52351,Tops
52352,Night suits
52353,Tops
52354,Lipstick
52355,Night suits
52356,Shorts
52357,Tshirts
52358,Tshirts
52359,Tshirts
52360,Shirts
52361,Night suits
52362,Night suits
52363,Dresses
52364,Dresses
52366,Shorts
52367,Shorts
52368,Dresses
52369,Dresses
52370,Night suits
52371,Tshirts
52372,Tops
52373,Dresses
52374,Dresses
52375,Tops
52376,Night suits
52377,Dresses
52378,Shirts
52379,Boxers
52380,Shirts
52381,Night suits
52382,Night suits
52383,Night suits
52384,Shorts
52385,Night suits
52386,Tops
52387,Night suits
52390,Tops
52391,Night suits
52392,Dresses
52393,Dresses
52394,Dresses
52395,Dresses
52396,Dresses
52397,Night suits
52398,Tshirts
52399,Dresses
52400,Dresses
52401,Tops
52402,Night suits
52403,Dresses
52404,Night suits
52405,Dresses
52406,Dresses
52407,Dresses
52408,Sarees
52409,Night suits
52410,Dresses
52411,Sarees
52412,Night suits
52413,Tshirts
52414,Dresses
52415,Night suits
52416,Tshirts
52417,Tshirts
52418,Shirts
52419,Shirts
52420,Tshirts
52421,Dresses
52422,Shirts
52423,Sarees
52424,Dresses
52425,Dresses
52426,Dresses
52427,Night suits
52428,Night suits
52429,Shirts
52430,Shirts
52431,Night suits
52432,Shirts
52434,Dresses
52435,Tshirts
52436,Dresses
52437,Night suits
52438,Shirts
52439,Tops
52440,Dresses
52441,Tops
52442,Sarees
52443,Night suits
52444,Night suits
52445,Tops
52446,Swimwear
52447,Waistcoat
52448,Dupatta
52449,Night suits
52450,Waistcoat
52451,Shirts
52452,Dresses
52453,Dresses
52454,Dresses
52455,Shirts
52456,Night suits
52457,Tshirts
52458,Tshirts
52459,Sarees
52460,Sarees
52461,Tops
52462,Kurta Sets
52463,Night suits
52464,Kurta Sets
52465,Bra
52466,Briefs
52467,Tshirts
52468,Tshirts
52469,Tshirts
52470,Tshirts
52472,Night suits
52473,Dresses
52474,Shirts
52475,Shirts
52476,Shirts
52477,Tshirts
52478,Jumpsuit
52479,Shirts
52480,Tops
52481,Sarees
52482,Tshirts
52483,Bra
52484,Bra
52485,Bra
52486,Bra
52487,Bra
52488,Bra
52489,Bra
52490,Bra
52491,Tshirts
52492,Innerwear Vests
52493,Tshirts
52494,Shirts
52495,Shirts
52496,Tshirts
52497,Tshirts
52498,Stoles
52499,Tshirts
52500,Shorts
52501,Kurta Sets
52502,Shirts
52503,Shirts
52504,Shirts
52505,Shirts
52506,Night suits
52507,Dupatta
52508,Night suits
52509,Shirts
52510,Dresses
52511,Nightdress
52512,Kurtas
52513,Nightdress
52514,Bra
52515,Bra
52516,Bra
52517,Dresses
52518,Sarees
52519,Shorts
52520,Shorts
52522,Jeans
52523,Jeans
52524,Stockings
52525,Stockings
52528,Stockings
52529,Shorts
52536,Jeans
52539,Jeans
52547,Jeans
52548,Jeans
52553,Stockings
52554,Jeans
52555,Jeans
52556,Jeans
52557,Jeans
52558,Wallets
52559,Mobile Pouch
52560,Duffel Bag
52561,Wallets
52563,Clutches
52564,Bangle
52565,Duffel Bag
52568,Clutches
52569,Handbags
52570,Clutches
52574,Clutches
52575,Clutches
52576,Duffel Bag
52577,Duffel Bag
52579,Sports Shoes
52581,Lipstick
52582,Handbags
52585,Clutches
52586,Duffel Bag
52588,Messenger Bag
52589,Messenger Bag
52593,Bangle
52594,Messenger Bag
52599,Wallets
52602,Messenger Bag
52603,Messenger Bag
52604,Messenger Bag
52609,Handbags
52616,Handbags
52618,Handbags
52622,Handbags
52623,Handbags
52626,Handbags
52632,Messenger Bag
52633,Handbags
52634,Handbags
52635,Handbags
52636,Duffel Bag
52637,Handbags
52638,Handbags
52639,Messenger Bag
52641,Handbags
52642,Handbags
52643,Handbags
52647,Handbags
52648,Duffel Bag
52649,Handbags
52650,Handbags
52651,Duffel Bag
52652,Duffel Bag
52653,Messenger Bag
52654,Duffel Bag
52655,Handbags
52656,Handbags
52657,Shorts
52658,Handbags
52659,Messenger Bag
52660,Handbags
52661,Handbags
52665,Watches
52670,Watches
52671,Watches
52673,Watches
52675,Watches
52676,Watches
52677,Watches
52678,Watches
52679,Shorts
52680,Watches
52681,Watches
52682,Watches
52683,Watches
52684,Watches
52686,Watches
52687,Trousers
52688,Watches
52690,Innerwear Vests
52691,Socks
52692,Watches
52693,Socks
52694,Socks
52695,Tshirts
52749,Deodorant
52751,Deodorant
52754,Handbags
52756,Handbags
52758,Duffel Bag
52759,Handbags
52766,Handbags
52767,Shorts
52768,Handbags
52772,Wallets
52773,Wallets
52774,Wallets
52775,Wallets
52776,Wallets
52777,Wallets
52778,Wallets
52779,Shorts
52780,Wallets
52781,Wallets
52782,Wallets
52784,Wallets
52785,Shorts
52786,Wallets
52789,Wallets
52791,Wallets
52792,Wallets
52793,Wallets
52794,Wallets
52795,Wallets
52796,Wallets
52797,Wallets
52798,Wallets
52799,Wallets
52800,Wallets
52801,Wallets
52802,Wallets
52803,Laptop Bag
52804,Wallets
52805,Wallets
52806,Wallets
52807,Wallets
52808,Wallets
52809,Wallets
52810,Wallets
52811,Wallets
52812,Wallets
52813,Wallets
52814,Wallets
52816,Watches
52817,Earrings
52818,Earrings
52819,Earrings
52820,Earrings
52822,Necklace and Chains
52823,Earrings
52825,Earrings
52827,Earrings
52828,Earrings
52831,Earrings
52834,Earrings
52835,Earrings
52836,Necklace and Chains
52837,Earrings
52839,Earrings
52840,Earrings
52841,Earrings
52842,Earrings
52846,Earrings
52847,Earrings
52848,Earrings
52850,Earrings
52851,Earrings
52852,Earrings
52854,Earrings
52855,Handbags
52859,Earrings
52860,Earrings
52862,Earrings
52863,Earrings
52864,Earrings
52868,Earrings
52869,Necklace and Chains
52871,Deodorant
52874,Lipstick
52875,Sarees
52876,Lipstick
52877,Shirts
52878,Sarees
52879,Sarees
52880,Sarees
52881,Sarees
52882,Dresses
52883,Shirts
52884,Sarees
52885,Sarees
52886,Sarees
52887,Sarees
52888,Sarees
52889,Sarees
52890,Sarees
52891,Sarees
52892,Sarees
52893,Sarees
52894,Sarees
52895,Sarees
52896,Sarees
52897,Shirts
52898,Sarees
52899,Sarees
52901,Sarees
52902,Sarees
52903,Sarees
52904,Sarees
52905,Sarees
52906,Sarees
52907,Sarees
52908,Jeans
52909,Sarees
52910,Night suits
52911,Sarees
52912,Sarees
52913,Lipstick
52914,Sarees
52915,Sarees
52916,Sarees
52917,Sarees
52918,Sarees
52919,Sarees
52920,Sarees
52921,Sarees
52922,Sarees
52923,Night suits
52924,Shirts
52925,Night suits
52926,Sarees
52927,Shirts
52928,Sarees
52929,Sarees
52930,Night suits
52931,Sarees
52934,Sarees
52935,Shirts
52936,Sarees
52937,Sarees
52938,Lipstick
52940,Tshirts
52941,Tshirts
52942,Sarees
52943,Sarees
52944,Jeans
52945,Sarees
52946,Sarees
52947,Kurta Sets
52948,Night suits
52949,Sarees
52950,Sarees
52951,Sarees
52952,Sarees
52953,Sarees
52954,Sarees
52955,Sarees
52956,Jeans
52957,Sarees
52958,Sarees
52959,Sarees
52960,Sarees
52961,Sarees
52962,Lipstick
52963,Sarees
52964,Shorts
52965,Sarees
52966,Lipstick
52967,Sarees
52968,Sarees
52969,Sarees
52970,Sarees
52971,Sarees
52972,Sarees
52973,Sarees
52975,Sarees
52976,Sarees
52978,Sarees
52979,Sarees
52980,Sarees
52981,Sarees
52982,Sarees
52983,Sarees
52986,Lipstick
52987,Lipstick
52988,Sarees
52989,Sarees
52990,Sarees
52991,Sarees
52992,Sarees
52993,Sarees
52996,Sarees
52998,Lipstick
52999,Sarees
53000,Sarees
53001,Sarees
53002,Sarees
53003,Sarees
53004,Sarees
53006,Sarees
53007,Backpacks
53008,Sarees
53009,Lipstick
53010,Sarees
53011,Sarees
53013,Lipstick
53014,Sarees
53015,Sarees
53016,Sarees
53017,Sarees
53019,Sarees
53020,Sarees
53021,Sarees
53023,Sarees
53024,Sarees
53025,Sarees
53026,Lipstick
53027,Sarees
53029,Sarees
53030,Sarees
53031,Sarees
53032,Sarees
53033,Sarees
53034,Lipstick
53035,Sarees
53036,Sarees
53037,Sarees
53038,Sarees
53039,Sarees
53040,Sarees
53041,Sarees
53042,Sarees
53043,Sarees
53044,Tracksuits
53045,Sarees
53046,Sarees
53047,Sarees
53048,Sarees
53049,Sarees
53050,Deodorant
53051,Sarees
53052,Sarees
53053,Sarees
53054,Sarees
53055,Sarees
53056,Sarees
53057,Sarees
53058,Handbags
53059,Handbags
53060,Handbags
53061,Handbags
53062,Handbags
53063,Handbags
53064,Handbags
53065,Handbags
53066,Handbags
53067,Handbags
53068,Handbags
53069,Handbags
53070,Handbags
53071,Clutches
53072,Clutches
53073,Clutches
53075,Handbags
53076,Duffel Bag
53077,Duffel Bag
53078,Duffel Bag
53079,Duffel Bag
53080,Duffel Bag
53081,Duffel Bag
53082,Duffel Bag
53083,Suspenders
53084,Kajal and Eyeliner
53085,Necklace and Chains
53086,Necklace and Chains
53087,Jewellery Set
53088,Earrings
53089,Earrings
53090,Earrings
53091,Jewellery Set
53092,Earrings
53093,Earrings
53094,Earrings
53095,Earrings
53096,Earrings
53097,Cufflinks
53098,Earrings
53099,Earrings
53100,Earrings
53101,Jeans
53102,Earrings
53103,Earrings
53104,Earrings
53105,Earrings
53106,Earrings
53107,Earrings
53108,Earrings
53109,Earrings
53110,Earrings
53111,Tshirts
53112,Tshirts
53113,Tshirts
53114,Tshirts
53115,Tshirts
53116,Tshirts
53117,Tshirts
53118,Tshirts
53119,Tshirts
53120,Tshirts
53121,Tops
53122,Tshirts
53123,Tshirts
53124,Tshirts
53125,Tshirts
53126,Tshirts
53127,Sports Shoes
53128,Gloves
53129,Bangle
53130,Flip Flops
53131,Bangle
53132,Bangle
53133,Bangle
53134,Flip Flops
53135,Bangle
53136,Flip Flops
53137,Bangle
53138,Sports Sandals
53139,Heels
53140,Heels
53141,Flip Flops
53142,Bangle
53143,Heels
53144,Flip Flops
53145,Bangle
53146,Flats
53147,Heels
53148,Flats
53149,Flip Flops
53150,Heels
53152,Shirts
53159,Shirts
53211,Shirts
53215,Shirts
53226,Shirts
53228,Trousers
53248,Trousers
53252,Jeans
53264,Tshirts
53269,Tshirts
53278,Tshirts
53282,Tshirts
53286,Jeans
53287,Jeans
53296,Jeans
53303,Tshirts
53307,Tshirts
53312,Tshirts
53313,Tshirts
53314,Tshirts
53318,Tshirts
53319,Tshirts
53328,Boxers
53329,Boxers
53332,Boxers
53338,Boxers
53345,Boxers
53348,Boxers
53357,Tshirts
53358,Belts
53360,Messenger Bag
53361,Backpacks
53362,Backpacks
53363,Duffel Bag
53364,Backpacks
53365,Backpacks
53366,Backpacks
53367,Backpacks
53368,Backpacks
53369,Handbags
53370,Handbags
53371,Backpacks
53372,Backpacks
53373,Backpacks
53374,Wallets
53376,Kajal and Eyeliner
53377,Messenger Bag
53378,Flip Flops
53379,Sports Sandals
53380,Sports Sandals
53381,Sports Sandals
53382,Sports Sandals
53383,Sports Sandals
53384,Casual Shoes
53386,Sports Shoes
53387,Sports Shoes
53388,Dresses
53389,Kurtas
53390,Kurtas
53391,Shirts
53392,Shirts
53393,Kurtas
53394,Stoles
53395,Shirts
53396,Kurtas
53397,Kurtas
53398,Kurtas
53399,Kurtas
53401,Kurtas
53402,Tshirts
53403,Shirts
53404,Kurtas
53405,Dupatta
53406,Kurtas
53408,Kurtas
53409,Kurtas
53410,Tshirts
53411,Shirts
53412,Tshirts
53413,Tunics
53414,Tunics
53415,Kurtas
53416,Kurtas
53417,Kurtas
53418,Kurtas
53419,Tshirts
53420,Kurtas
53421,Kurtas
53422,Tshirts
53423,Kurtas
53424,Kurtas
53425,Kurtas
53426,Shirts
53427,Kurtas
53428,Kurtas
53429,Kurtas
53430,Kurtas
53431,Kurtas
53432,Tshirts
53433,Tshirts
53434,Tshirts
53435,Sweaters
53436,Sports Shoes
53437,Sports Shoes
53438,Sports Shoes
53439,Flip Flops
53440,Sports Shoes
53441,Sports Shoes
53442,Flip Flops
53444,Flip Flops
53445,Flip Flops
53446,Flip Flops
53447,Bracelet
53448,Flip Flops
53449,Flip Flops
53450,Flip Flops
53452,Flats
53453,Casual Shoes
53454,Heels
53455,Flip Flops
53456,Flip Flops
53457,Heels
53458,Heels
53459,Bangle
53460,Heels
53461,Bra
53462,Bra
53463,Bra
53464,Bra
53465,Bra
53466,Bra
53467,Bra
53468,Bra
53469,Briefs
53470,Bra
53473,Bra
53474,Bra
53475,Bra
53476,Bra
53477,Bra
53478,Bra
53479,Bra
53480,Bra
53484,Tshirts
53485,Tshirts
53486,Tshirts
53487,Bra
53488,Tshirts
53489,Tshirts
53490,Bra
53491,Bra
53492,Bra
53493,Bra
53498,Briefs
53506,Bra
53507,Bra
53508,Bra
53520,Briefs
53525,Bra
53526,Briefs
53527,Briefs
53528,Briefs
53529,Briefs
53530,Briefs
53531,Briefs
53532,Briefs
53533,Briefs
53534,Gloves
53535,Briefs
53536,Briefs
53537,Briefs
53538,Briefs
53539,Briefs
53540,Briefs
53541,Trousers
53542,Briefs
53543,Briefs
53545,Briefs
53546,Briefs
53547,Briefs
53548,Briefs
53554,Boxers
53555,Boxers
53556,Boxers
53557,Boxers
53558,Boxers
53559,Boxers
53560,Watches
53561,Tshirts
53562,Watches
53563,Shirts
53564,Tshirts
53565,Watches
53566,Deodorant
53567,Deodorant
53568,Deodorant
53569,Deodorant
53570,Deodorant
53571,Deodorant
53572,Deodorant
53573,Deodorant
53574,Deodorant
53575,Deodorant
53576,Deodorant
53577,Deodorant
53578,Deodorant
53579,Free Gifts
53580,Socks
53581,Socks
53582,Deodorant
53583,Watches
53584,Watches
53585,Watches
53586,Watches
53587,Shirts
53588,Watches
53589,Watches
53590,Watches
53591,Watches
53592,Shirts
53593,Watches
53594,Watches
53595,Watches
53596,Watches
53597,Watches
53598,Watches
53599,Watches
53600,Watches
53601,Watches
53602,Watches
53603,Watches
53604,Watches
53605,Watches
53606,Watches
53608,Watches
53609,Watches
53611,Watches
53612,Watches
53613,Watches
53614,Watches
53615,Watches
53616,Watches
53617,Socks
53618,Free Gifts
53619,Free Gifts
53620,Perfume and Body Mist
53621,Watches
53622,Free Gifts
53623,Watches
53624,Shirts
53625,Watches
53626,Watches
53627,Watches
53628,Watches
53629,Watches
53630,Bra
53631,Bra
53632,Sandals
53633,Casual Shoes
53634,Sports Shoes
53635,Sports Shoes
53636,Sports Shoes
53637,Sports Shoes
53638,Sports Shoes
53639,Sports Shoes
53640,Casual Shoes
53648,Messenger Bag
53649,Handbags
53651,Handbags
53652,Handbags
53653,Handbags
53654,Duffel Bag
53655,Handbags
53656,Handbags
53657,Handbags
53659,Duffel Bag
53660,Handbags
53661,Duffel Bag
53663,Messenger Bag
53665,Handbags
53666,Handbags
53667,Handbags
53668,Handbags
53669,Handbags
53670,Handbags
53671,Handbags
53672,Handbags
53673,Handbags
53674,Handbags
53675,Handbags
53676,Handbags
53677,Handbags
53678,Handbags
53679,Handbags
53680,Handbags
53681,Handbags
53682,Handbags
53683,Handbags
53684,Handbags
53685,Messenger Bag
53686,Handbags
53687,Handbags
53688,Handbags
53689,Handbags
53692,Handbags
53695,Bra
53696,Handbags
53698,Handbags
53702,Handbags
53706,Handbags
53708,Handbags
53710,Messenger Bag
53715,Duffel Bag
53719,Messenger Bag
53720,Handbags
53723,Flip Flops
53724,Flip Flops
53725,Flip Flops
53726,Flip Flops
53727,Sports Sandals
53729,Sports Sandals
53731,Sports Shoes
53732,Sports Shoes
53734,Casual Shoes
53735,Casual Shoes
53737,Shorts
53738,Shorts
53740,Jeans
53741,Lounge Pants
53742,Lounge Pants
53743,Trousers
53744,Shorts
53745,Lounge Shorts
53747,Lounge Pants
53748,Jeans
53749,Lounge Pants
53750,Trousers
53751,Shorts
53752,Shorts
53753,Shorts
53754,Blazers
53755,Shorts
53756,Tshirts
53757,Sports Shoes
53759,Shirts
53760,Tshirts
53761,Tshirts
53762,Tshirts
53763,Tshirts
53764,Tshirts
53765,Shirts
53766,Tshirts
53767,Tshirts
53768,Tshirts
53770,Tshirts
53771,Tshirts
53772,Tshirts
53773,Tshirts
53774,Tshirts
53775,Tshirts
53776,Shorts
53777,Sports Shoes
53778,Tshirts
53779,Tshirts
53780,Tshirts
53781,Tshirts
53782,Tshirts
53783,Shirts
53784,Shirts
53785,Shirts
53786,Tshirts
53787,Tshirts
53788,Tshirts
53791,Shirts
53793,Tshirts
53794,Tshirts
53795,Tshirts
53796,Tshirts
53797,Tshirts
53798,Tshirts
53799,Tshirts
53800,Tshirts
53801,Tshirts
53802,Tshirts
53803,Tshirts
53804,Tshirts
53805,Lipstick
53806,Sports Shoes
53807,Lounge Pants
53808,Dupatta
53809,Tshirts
53810,Tunics
53811,Shirts
53812,Stockings
53813,Tunics
53814,Deodorant
53815,Shirts
53816,Shirts
53817,Stockings
53818,Kurtas
53819,Shirts
53820,Shirts
53822,Blazers
53823,Shirts
53824,Tshirts
53825,Dupatta
53826,Tunics
53829,Tunics
53830,Tunics
53832,Tops
53833,Tunics
53834,Kurtas
53835,Shirts
53836,Kurtas
53837,Dresses
53838,Kurtas
53839,Kurtas
53840,Kurtas
53841,Kurtas
53842,Shirts
53843,Shirts
53849,Tunics
53850,Kurtas
53851,Kurtas
53852,Tunics
53856,Kurtas
53857,Tunics
53859,Dresses
53861,Kurtas
53863,Tunics
53864,Tunics
53866,Shirts
53867,Flats
53868,Flats
53869,Bangle
53870,Flats
53871,Watches
53872,Sports Shoes
53873,Sports Shoes
53874,Sports Shoes
53875,Flip Flops
53876,Flip Flops
53877,Flip Flops
53878,Flip Flops
53879,Flip Flops
53880,Flip Flops
53881,Flip Flops
53882,Flip Flops
53883,Flip Flops
53884,Handbags
53886,Handbags
53887,Handbags
53888,Handbags
53889,Shorts
53890,Messenger Bag
53891,Shorts
53892,Mobile Pouch
53893,Handbags
53894,Handbags
53895,Handbags
53896,Handbags
53897,Handbags
53900,Duffel Bag
53902,Handbags
53905,Handbags
53907,Duffel Bag
53911,Handbags
53914,Shorts
53918,Handbags
53921,Handbags
53927,Messenger Bag
53928,Shorts
53930,Handbags
53931,Messenger Bag
53934,Handbags
53935,Handbags
53941,Duffel Bag
53942,Duffel Bag
53943,Duffel Bag
53944,Duffel Bag
53946,Handbags
53961,Handbags
53963,Duffel Bag
53964,Handbags
53979,Handbags
53981,Handbags
53985,Handbags
53990,Messenger Bag
53991,Handbags
53994,Messenger Bag
53997,Handbags
53999,Handbags
54000,Handbags
54002,Handbags
54003,Handbags
54007,Handbags
54008,Handbags
54009,Handbags
54014,Handbags
54016,Messenger Bag
54017,Messenger Bag
54018,Messenger Bag
54019,Messenger Bag
54020,Messenger Bag
54031,Mobile Pouch
54032,Mobile Pouch
54033,Messenger Bag
54035,Handbags
54036,Handbags
54040,Handbags
54041,Handbags
54049,Jeans
54050,Jeans
54051,Jeans
54052,Jeans
54053,Leggings
54054,Stockings
54055,Lounge Pants
54056,Stockings
54057,Patiala
54058,Trousers
54059,Trousers
54060,Lounge Pants
54061,Deodorant
54062,Deodorant
54063,Deodorant
54064,Deodorant
54065,Sports Shoes
54066,Casual Shoes
54068,Sports Shoes
54069,Flip Flops
54070,Sports Shoes
54071,Sports Shoes
54072,Sports Shoes
54073,Sports Shoes
54076,Casual Shoes
54077,Flip Flops
54078,Sports Shoes
54079,Tshirts
54080,Tunics
54081,Stoles
54082,Shirts
54083,Shirts
54084,Tshirts
54086,Tshirts
54087,Tops
54088,Shirts
54089,Tshirts
54090,Shirts
54095,Wallets
54103,Bangle
54104,Heels
54105,Heels
54106,Flip Flops
54107,Flats
54108,Heels
54109,Bracelet
54110,Flip Flops
54111,Flats
54112,Flats
54113,Bangle
54114,Bangle
54115,Heels
54116,Flip Flops
54117,Flip Flops
54118,Flip Flops
54119,Flip Flops
54120,Flip Flops
54121,Flip Flops
54122,Flip Flops
54123,Heels
54124,Flip Flops
54125,Heels
54126,Heels
54127,Heels
54128,Sports Shoes
54129,Flats
54130,Flip Flops
54131,Heels
54132,Flip Flops
54133,Flip Flops
54134,Heels
54135,Flip Flops
54136,Flip Flops
54137,Heels
54138,Flip Flops
54139,Heels
54140,Heels
54141,Heels
54142,Heels
54143,Flip Flops
54144,Heels
54145,Formal Shoes
54146,Tops
54147,Necklace and Chains
54148,Kajal and Eyeliner
54149,Kajal and Eyeliner
54150,Jewellery Set
54151,Jewellery Set
54152,Lip Liner
54153,Kajal and Eyeliner
54154,Necklace and Chains
54155,Necklace and Chains
54156,Bra
54157,Kajal and Eyeliner
54158,Jewellery Set
54159,Lip Liner
54160,Earrings
54161,Lip Liner
54162,Jewellery Set
54163,Kajal and Eyeliner
54164,Necklace and Chains
54165,Necklace and Chains
54166,Necklace and Chains
54167,Necklace and Chains
54168,Earrings
54169,Lip Liner
54170,Kajal and Eyeliner
54171,Necklace and Chains
54172,Necklace and Chains
54173,Kajal and Eyeliner
54174,Earrings
54175,Earrings
54176,Lip Liner
54177,Handbags
54178,Duffel Bag
54182,Handbags
54183,Messenger Bag
54185,Backpacks
54186,Briefs
54187,Briefs
54188,Briefs
54189,Briefs
54192,Trousers
54194,Trousers
54200,Shorts
54202,Shirts
54225,Trousers
54226,Lounge Pants
54228,Flip Flops
54229,Handbags
54252,Shirts
54280,Shirts
54302,Bra
54303,Briefs
54304,Briefs
54305,Bra
54306,Briefs
54307,Briefs
54311,Briefs
54318,Bra
54319,Boxers
54320,Briefs
54325,Bra
54326,Briefs
54327,Bra
54328,Briefs
54329,Briefs
54330,Briefs
54332,Briefs
54334,Lounge Pants
54338,Tops
54339,Socks
54340,Socks
54341,Socks
54342,Stockings
54343,Capris
54344,Briefs
54345,Capris
54346,Socks
54375,Earrings
54380,Kajal and Eyeliner
54381,Wallets
54382,Handbags
54383,Wallets
54384,Handbags
54385,Clutches
54386,Duffel Bag
54387,Handbags
54388,Laptop Bag
54389,Wallets
54390,Wallets
54391,Laptop Bag
54392,Handbags
54393,Backpacks
54394,Handbags
54395,Wallets
54396,Duffel Bag
54397,Handbags
54398,Backpacks
54399,Wallets
54400,Wallets
54401,Wallets
54402,Wallets
54403,Wallets
54404,Wallets
54405,Wallets
54406,Handbags
54407,Handbags
54408,Messenger Bag
54409,Messenger Bag
54410,Mobile Pouch
54411,Wallets
54412,Wallets
54475,Duffel Bag
54476,Suspenders
54477,Trunk
54478,Trunk
54479,Trunk
54480,Trunk
54481,Briefs
54482,Briefs
54483,Briefs
54484,Briefs
54485,Briefs
54486,Briefs
54487,Messenger Bag
54488,Messenger Bag
54489,Duffel Bag
54490,Messenger Bag
54491,Handbags
54492,Messenger Bag
54493,Handbags
54494,Laptop Bag
54495,Messenger Bag
54496,Handbags
54497,Duffel Bag
54498,Duffel Bag
54499,Handbags
54500,Messenger Bag
54501,Handbags
54502,Messenger Bag
54503,Backpacks
54504,Handbags
54505,Handbags
54506,Handbags
54507,Messenger Bag
54508,Handbags
54509,Handbags
54510,Messenger Bag
54511,Messenger Bag
54512,Messenger Bag
54513,Formal Shoes
54514,Sports Shoes
54515,Sports Shoes
54516,Sports Shoes
54517,Sports Shoes
54518,Sports Shoes
54519,Sports Shoes
54520,Casual Shoes
54521,Sports Shoes
54522,Sports Shoes
54523,Sports Shoes
54524,Sports Shoes
54525,Sports Shoes
54526,Sports Shoes
54527,Formal Shoes
54528,Sports Shoes
54529,Sports Shoes
54530,Sports Shoes
54533,Sports Shoes
54534,Sports Shoes
54535,Sports Shoes
54536,Sports Shoes
54537,Sports Shoes
54538,Sports Shoes
54539,Sports Shoes
54540,Sports Shoes
54541,Sports Shoes
54542,Sports Shoes
54543,Sports Shoes
54544,Sports Shoes
54545,Handbags
54546,Backpacks
54547,Night suits
54548,Kurtas
54549,Shirts
54550,Shirts
54551,Shirts
54553,Kurtas
54554,Tshirts
54555,Dupatta
54556,Dupatta
54557,Tshirts
54558,Shirts
54559,Kurtas
54561,Kurtas
54562,Kurtas
54563,Shirts
54564,Tunics
54565,Kurtas
54566,Tunics
54567,Dupatta
54568,Kurtas
54569,Kurtas
54570,Kurtas
54571,Kurtas
54572,Tunics
54573,Tshirts
54574,Tops
54575,Tops
54576,Kurtas
54577,Tunics
54578,Tunics
54579,Kurtas
54580,Tunics
54581,Tunics
54582,Kurtas
54584,Kurtas
54585,Tunics
54586,Kurtas
54587,Dupatta
54588,Tunics
54589,Tunics
54590,Tshirts
54595,Kurtas
54596,Kurtas
54597,Tunics
54598,Kurtas
54599,Tunics
54600,Briefs
54601,Briefs
54602,Briefs
54603,Briefs
54604,Briefs
54605,Briefs
54606,Briefs
54607,Briefs
54608,Briefs
54609,Briefs
54610,Briefs
54611,Briefs
54612,Kajal and Eyeliner
54613,Briefs
54614,Briefs
54615,Briefs
54616,Briefs
54617,Briefs
54618,Briefs
54619,Watches
54620,Watches
54621,Watches
54622,Tshirts
54623,Watches
54625,Watches
54626,Watches
54627,Watches
54628,Watches
54629,Watches
54630,Watches
54631,Watches
54632,Watches
54633,Watches
54634,Watches
54635,Watches
54636,Watches
54637,Watches
54638,Watches
54639,Watches
54640,Watches
54641,Watches
54642,Watches
54643,Watches
54644,Watches
54645,Watches
54646,Watches
54647,Watches
54648,Watches
54649,Shirts
54650,Socks
54651,Free Gifts
54652,Socks
54653,Sarees
54654,Watches
54655,Watches
54656,Sarees
54657,Socks
54658,Watches
54659,Socks
54660,Socks
54661,Free Gifts
54662,Watches
54663,Watches
54664,Watches
54665,Watches
54666,Watches
54667,Watches
54668,Watches
54669,Shirts
54670,Watches
54671,Watches
54672,Watches
54674,Watches
54675,Watches
54676,Watches
54677,Watches
54678,Watches
54679,Socks
54680,Sarees
54681,Shirts
54682,Kurtas
54683,Shirts
54684,Kurtas
54685,Tunics
54686,Night suits
54687,Tunics
54688,Stockings
54689,Dupatta
54690,Shirts
54691,Dupatta
54692,Kurtas
54693,Tunics
54694,Tunics
54695,Tunics
54696,Tshirts
54697,Tunics
54698,Shirts
54699,Tshirts
54700,Shirts
54702,Shirts
54703,Dupatta
54704,Dupatta
54705,Tracksuits
54706,Tshirts
54708,Shirts
54710,Kurtas
54711,Shirts
54712,Dupatta
54713,Kurta Sets
54714,Deodorant
54715,Dupatta
54716,Tunics
54717,Shirts
54718,Shirts
54719,Tunics
54720,Shirts
54721,Stockings
54722,Kurta Sets
54723,Kurta Sets
54724,Tracksuits
54725,Kurtas
54726,Tunics
54727,Tunics
54728,Casual Shoes
54729,Casual Shoes
54730,Casual Shoes
54731,Casual Shoes
54732,Casual Shoes
54733,Casual Shoes
54734,Casual Shoes
54735,Casual Shoes
54736,Casual Shoes
54737,Casual Shoes
54738,Formal Shoes
54739,Casual Shoes
54740,Casual Shoes
54741,Casual Shoes
54742,Casual Shoes
54744,Dupatta
54767,Kurtas
54792,Jeans
54794,Trousers
54796,Jeans
54800,Jeans
54804,Handbags
54805,Handbags
54807,Handbags
54808,Bangle
54812,Backpacks
54813,Backpacks
54819,Messenger Bag
54823,Handbags
54827,Messenger Bag
54828,Mobile Pouch
54829,Messenger Bag
54831,Duffel Bag
54834,Duffel Bag
54836,Duffel Bag
54838,Messenger Bag
54842,Cufflinks
54849,Jewellery Set
54850,Jewellery Set
54851,Necklace and Chains
54852,Necklace and Chains
54853,Jewellery Set
54854,Jewellery Set
54856,Jewellery Set
54857,Jewellery Set
54858,Necklace and Chains
54859,Handbags
54860,Jeans
54861,Jewellery Set
54862,Necklace and Chains
54863,Jewellery Set
54864,Necklace and Chains
54865,Kajal and Eyeliner
54866,Necklace and Chains
54867,Earrings
54868,Necklace and Chains
54869,Jewellery Set
54870,Necklace and Chains
54871,Jewellery Set
54872,Necklace and Chains
54873,Necklace and Chains
54874,Necklace and Chains
54875,Jewellery Set
54876,Necklace and Chains
54877,Jewellery Set
54878,Jewellery Set
54879,Necklace and Chains
54880,Messenger Bag
54881,Necklace and Chains
54882,Necklace and Chains
54883,Necklace and Chains
54884,Jewellery Set
54885,Necklace and Chains
54886,Necklace and Chains
54888,Necklace and Chains
54889,Blazers
54890,Tshirts
54891,Tshirts
54894,Lounge Pants
54896,Capris
54897,Tshirts
54899,Tshirts
54900,Shirts
54901,Tshirts
54902,Tshirts
54903,Shirts
54904,Tshirts
54905,Tshirts
54906,Tshirts
54907,Tshirts
54908,Shirts
54909,Shirts
54911,Tshirts
54913,Shirts
54914,Tshirts
54915,Tshirts
54918,Shorts
54919,Shorts
54921,Shorts
54923,Capris
54924,Boxers
54925,Boxers
54926,Tshirts
54927,Tshirts
54928,Shirts
54929,Tshirts
54930,Tshirts
54931,Tshirts
54932,Shirts
54933,Capris
54934,Tshirts
54935,Tshirts
54936,Tshirts
54937,Shirts
54938,Tops
54939,Tops
54940,Tshirts
54941,Tshirts
54942,Tshirts
54943,Tshirts
54944,Tshirts
54945,Tshirts
54946,Tshirts
54947,Tshirts
54948,Shirts
54949,Shirts
54950,Tshirts
54951,Tshirts
54953,Shirts
54954,Shirts
54955,Tshirts
54957,Tshirts
54958,Shirts
54959,Shirts
54960,Tshirts
54961,Tshirts
54964,Tshirts
54965,Tshirts
54966,Sports Sandals
54967,Deodorant
54968,Deodorant
54969,Deodorant
54970,Earrings
54971,Dresses
54972,Tshirts
54973,Night suits
54974,Tshirts
54975,Tshirts
54976,Tshirts
54977,Jeans
54978,Shorts
54979,Shirts
54980,Sarees
54981,Shirts
54982,Jeans
54983,Shorts
54984,Jeans
54985,Jeans
54986,Tshirts
54987,Shirts
54988,Shirts
54989,Tunics
54990,Night suits
54991,Shirts
54992,Shirts
54993,Shirts
54995,Kajal and Eyeliner
54997,Kajal and Eyeliner
55000,Kajal and Eyeliner
55001,Kajal and Eyeliner
55002,Kajal and Eyeliner
55003,Kajal and Eyeliner
55004,Messenger Bag
55005,Earrings
55006,Lipstick
55007,Lipstick
55008,Lipstick
55009,Lipstick
55010,Lipstick
55012,Lipstick
55013,Kajal and Eyeliner
55015,Lipstick
55016,Kajal and Eyeliner
55018,Lipstick
55020,Lipstick
55021,Lipstick
55022,Lipstick
55023,Lipstick
55024,Lipstick
55025,Lipstick
55026,Lipstick
55027,Lipstick
55028,Lipstick
55029,Lipstick
55030,Lipstick
55031,Lipstick
55032,Lipstick
55033,Lipstick
55034,Lipstick
55035,Lipstick
55036,Lipstick
55037,Lipstick
55038,Lipstick
55039,Lipstick
55040,Lipstick
55041,Kajal and Eyeliner
55042,Lipstick
55043,Lipstick
55044,Lipstick
55045,Lipstick
55046,Lipstick
55047,Gloves
55048,Lipstick
55049,Lipstick
55050,Lipstick
55051,Lipstick
55052,Lipstick
55053,Lipstick
55054,Lipstick
55055,Lipstick
55056,Lipstick
55057,Lipstick
55058,Lipstick
55059,Lipstick
55060,Lipstick
55061,Lipstick
55062,Lipstick
55063,Lipstick
55064,Lipstick
55065,Lipstick
55066,Lipstick
55067,Lipstick
55068,Deodorant
55069,Deodorant
55070,Kajal and Eyeliner
55071,Lipstick
55072,Lipstick
55073,Lipstick
55074,Kajal and Eyeliner
55075,Kajal and Eyeliner
55078,Handbags
55079,Handbags
55080,Tshirts
55081,Perfume and Body Mist
55083,Backpacks
55086,Perfume and Body Mist
55087,Shirts
55089,Shorts
55090,Shorts
55093,Messenger Bag
55094,Lipstick
55095,Lipstick
55097,Lipstick
55098,Bangle
55099,Lipstick
55100,Cufflinks
55101,Travel Accessory
55107,Sports Shoes
55108,Sports Shoes
55109,Capris
55110,Shorts
55111,Shorts
55112,Shorts
55113,Highlighter and Blush
55114,Highlighter and Blush
55115,Highlighter and Blush
55116,Accessory Gift Set
55117,Accessory Gift Set
55118,Accessory Gift Set
55119,Cufflinks
55120,Lipstick
55121,Lipstick
55122,Lipstick
55123,Lipstick
55124,Lipstick
55125,Lipstick
55126,Lipstick
55127,Lipstick
55128,Lipstick
55129,Lipstick
55130,Lipstick
55131,Lipstick
55132,Lipstick
55133,Lipstick
55134,Lipstick
55135,Lipstick
55136,Capris
55137,Lipstick
55138,Deodorant
55139,Lipstick
55140,Lipstick
55141,Lipstick
55142,Lipstick
55143,Lipstick
55144,Lipstick
55145,Lipstick
55146,Lipstick
55147,Lipstick
55148,Lipstick
55149,Lipstick
55150,Lipstick
55151,Lipstick
55152,Lipstick
55153,Deodorant
55154,Lipstick
55155,Deodorant
55156,Deodorant
55157,Lipstick
55158,Lipstick
55159,Lipstick
55160,Lipstick
55161,Lipstick
55162,Lipstick
55163,Lipstick
55164,Deodorant
55165,Deodorant
55166,Lipstick
55168,Shorts
55170,Deodorant
55172,Perfume and Body Mist
55173,Deodorant
55175,Deodorant
55177,Deodorant
55179,Perfume and Body Mist
55180,Shorts
55181,Perfume and Body Mist
55184,Deodorant
55185,Deodorant
55186,Perfume and Body Mist
55187,Deodorant
55190,Deodorant
55191,Perfume and Body Mist
55192,Deodorant
55194,Perfume and Body Mist
55195,Deodorant
55196,Perfume and Body Mist
55197,Perfume and Body Mist
55198,Capris
55200,Cufflinks
55201,Cufflinks
55202,Wristbands
55203,Wristbands
55205,Lipstick
55206,Lipstick
55208,Lipstick
55209,Lipstick
55210,Lipstick
55211,Lipstick
55212,Capris
55213,Lipstick
55214,Lipstick
55215,Lipstick
55216,Lipstick
55217,Lipstick
55218,Kajal and Eyeliner
55219,Kajal and Eyeliner
55220,Kajal and Eyeliner
55221,Kajal and Eyeliner
55222,Kajal and Eyeliner
55223,Kajal and Eyeliner
55224,Kajal and Eyeliner
55225,Kajal and Eyeliner
55226,Kajal and Eyeliner
55227,Lipstick
55228,Lipstick
55229,Lipstick
55230,Tshirts
55231,Tshirts
55232,Tshirts
55233,Briefs
55234,Lipstick
55235,Lipstick
55236,Perfume and Body Mist
55237,Deodorant
55238,Deodorant
55239,Perfume and Body Mist
55240,Deodorant
55241,Deodorant
55242,Perfume and Body Mist
55243,Deodorant
55244,Lipstick
55245,Lipstick
55246,Lipstick
55247,Heels
55248,Heels
55249,Heels
55250,Mobile Pouch
55251,Flip Flops
55252,Lip Liner
55253,Kajal and Eyeliner
55254,Kajal and Eyeliner
55255,Kajal and Eyeliner
55256,Kajal and Eyeliner
55257,Kajal and Eyeliner
55258,Kajal and Eyeliner
55259,Kajal and Eyeliner
55260,Kajal and Eyeliner
55261,Kajal and Eyeliner
55262,Kajal and Eyeliner
55263,Kajal and Eyeliner
55264,Kajal and Eyeliner
55265,Kajal and Eyeliner
55266,Lipstick
55267,Lipstick
55268,Deodorant
55269,Lipstick
55270,Lipstick
55271,Earrings
55272,Kajal and Eyeliner
55273,Kajal and Eyeliner
55274,Kajal and Eyeliner
55275,Formal Shoes
55276,Casual Shoes
55277,Mobile Pouch
55278,Mobile Pouch
55280,Mobile Pouch
55281,Flip Flops
55282,Flip Flops
55283,Flip Flops
55284,Flip Flops
55285,Backpacks
55286,Sports Shoes
55287,Heels
55288,Heels
55289,Heels
55290,Lipstick
55291,Lipstick
55292,Lipstick
55293,Lipstick
55294,Lipstick
55295,Lipstick
55296,Backpacks
55297,Backpacks
55298,Messenger Bag
55299,Messenger Bag
55300,Kajal and Eyeliner
55301,Kajal and Eyeliner
55306,Sports Shoes
55307,Capris
55314,Deodorant
55315,Capris
55316,Watches
55317,Tshirts
55318,Sports Shoes
55319,Shirts
55320,Tshirts
55321,Mobile Pouch
55322,Tshirts
55323,Tshirts
55324,Backpacks
55325,Backpacks
55326,Lipstick
55328,Lipstick
55329,Tshirts
55330,Tshirts
55331,Tshirts
55332,Tshirts
55333,Tshirts
55334,Sports Shoes
55335,Tshirts
55336,Backpacks
55337,Perfume and Body Mist
55338,Earrings
55339,Earrings
55344,Perfume and Body Mist
55347,Perfume and Body Mist
55349,Backpacks
55350,Cufflinks
55351,Tshirts
55352,Shorts
55354,Deodorant
55357,Lipstick
55358,Lipstick
55359,Lipstick
55361,Lipstick
55362,Deodorant
55363,Deodorant
55364,Deodorant
55365,Lipstick
55366,Deodorant
55368,Lipstick
55369,Deodorant
55370,Deodorant
55373,Lipstick
55375,Lipstick
55376,Deodorant
55377,Lipstick
55378,Lipstick
55379,Deodorant
55380,Deodorant
55381,Lipstick
55382,Deodorant
55383,Lipstick
55384,Deodorant
55385,Lipstick
55387,Deodorant
55388,Lipstick
55389,Deodorant
55390,Lipstick
55391,Lipstick
55392,Perfume and Body Mist
55394,Perfume and Body Mist
55395,Lipstick
55396,Kajal and Eyeliner
55397,Lipstick
55398,Cufflinks
55399,Kajal and Eyeliner
55400,Kajal and Eyeliner
55402,Kajal and Eyeliner
55407,Kajal and Eyeliner
55408,Kajal and Eyeliner
55409,Kajal and Eyeliner
55410,Kajal and Eyeliner
55418,Shorts
55419,Lipstick
55420,Lipstick
55421,Earrings
55423,Lipstick
55424,Shorts
55425,Shorts
55426,Lipstick
55427,Earrings
55428,Lipstick
55429,Lipstick
55430,Lipstick
55431,Lipstick
55432,Lipstick
55433,Lipstick
55434,Lipstick
55436,Lipstick
55437,Lipstick
55438,Lipstick
55439,Lipstick
55440,Lipstick
55441,Lipstick
55442,Lipstick
55443,Lipstick
55444,Lipstick
55445,Lipstick
55446,Lipstick
55447,Lipstick
55448,Lipstick
55449,Lipstick
55450,Deodorant
55451,Lipstick
55454,Lipstick
55455,Lipstick
55456,Lipstick
55457,Lipstick
55458,Lipstick
55459,Lipstick
55460,Lipstick
55461,Lipstick
55462,Lipstick
55463,Lipstick
55464,Lipstick
55465,Lipstick
55466,Lipstick
55467,Lipstick
55468,Lipstick
55469,Lipstick
55470,Lipstick
55471,Lipstick
55472,Lipstick
55473,Lipstick
55474,Lipstick
55475,Lipstick
55476,Lipstick
55477,Lipstick
55478,Kajal and Eyeliner
55479,Lipstick
55480,Lipstick
55482,Lipstick
55485,Kajal and Eyeliner
55486,Kajal and Eyeliner
55487,Lipstick
55488,Lipstick
55489,Lipstick
55490,Capris
55491,Capris
55492,Lipstick
55493,Lipstick
55494,Lipstick
55495,Capris
55496,Lipstick
55497,Capris
55498,Capris
55499,Capris
55500,Capris
55501,Lipstick
55502,Lipstick
55503,Lipstick
55504,Deodorant
55505,Deodorant
55506,Deodorant
55507,Lipstick
55508,Deodorant
55509,Lipstick
55510,Deodorant
55511,Deodorant
55512,Deodorant
55513,Backpacks
55514,Backpacks
55516,Tshirts
55517,Sports Shoes
55518,Tshirts
55519,Shorts
55520,Lipstick
55521,Mobile Pouch
55522,Lipstick
55523,Lipstick
55524,Wallets
55525,Wallets
55526,Wallets
55527,Lipstick
55528,Lipstick
55529,Cufflinks
55530,Lipstick
55531,Lipstick
55532,Lipstick
55533,Earrings
55534,Earrings
55535,Lipstick
55536,Lipstick
55537,Lipstick
55538,Lipstick
55539,Deodorant
55540,Tshirts
55541,Kajal and Eyeliner
55542,Kajal and Eyeliner
55543,Kajal and Eyeliner
55544,Kajal and Eyeliner
55545,Kajal and Eyeliner
55546,Kajal and Eyeliner
55547,Kajal and Eyeliner
55548,Kajal and Eyeliner
55549,Kajal and Eyeliner
55550,Kajal and Eyeliner
55551,Kajal and Eyeliner
55553,Kajal and Eyeliner
55556,Kajal and Eyeliner
55557,Kajal and Eyeliner
55558,Kajal and Eyeliner
55559,Lipstick
55560,Cufflinks
55561,Tshirts
55564,Deodorant
55565,Deodorant
55568,Deodorant
55569,Perfume and Body Mist
55570,Deodorant
55571,Deodorant
55572,Lipstick
55573,Lipstick
55574,Tops
55575,Tshirts
55576,Tops
55577,Tshirts
55578,Highlighter and Blush
55579,Highlighter and Blush
55580,Highlighter and Blush
55581,Mobile Pouch
55582,Lipstick
55583,Capris
55584,Bra
55585,Bra
55586,Bra
55587,Kajal and Eyeliner
55590,Shirts
55591,Blazers
55595,Shirts
55597,Shirts
55599,Shirts
55608,Shirts
55612,Formal Shoes
55613,Formal Shoes
55614,Formal Shoes
55615,Formal Shoes
55616,Formal Shoes
55617,Formal Shoes
55618,Formal Shoes
55619,Formal Shoes
55620,Formal Shoes
55621,Sports Sandals
55622,Formal Shoes
55623,Formal Shoes
55624,Formal Shoes
55625,Formal Shoes
55626,Formal Shoes
55627,Formal Shoes
55628,Formal Shoes
55629,Formal Shoes
55630,Heels
55631,Flats
55632,Flip Flops
55633,Heels
55634,Heels
55635,Heels
55636,Flip Flops
55637,Flip Flops
55638,Messenger Bag
55639,Backpacks
55640,Cufflinks
55641,Messenger Bag
55642,Duffel Bag
55643,Heels
55644,Lipstick
55645,Sports Shoes
55646,Heels
55647,Flip Flops
55648,Flip Flops
55649,Cufflinks
55650,Bangle
55651,Bangle
55652,Bangle
55653,Flip Flops
55654,Sports Sandals
55655,Heels
55656,Flats
55657,Flip Flops
55783,Casual Shoes
55784,Sports Shoes
55785,Sports Shoes
55786,Shirts
55787,Night suits
55788,Shirts
55789,Sarees
55790,Sarees
55791,Dupatta
55794,Night suits
55795,Night suits
55796,Lipstick
55797,Shirts
55798,Night suits
55799,Shirts
55800,Shirts
55801,Night suits
55802,Night suits
55803,Night suits
55804,Lipstick
55805,Night suits
55806,Night suits
55807,Night suits
55809,Lipstick
55810,Salwar and Dupatta
55811,Lipstick
55812,Dupatta
55813,Night suits
55814,Night suits
55817,Night suits
55818,Night suits
55819,Lipstick
55821,Lipstick
55822,Night suits
55823,Night suits
55824,Night suits
55825,Night suits
55826,Night suits
55827,Night suits
55828,Night suits
55829,Lipstick
55830,Night suits
55831,Night suits
55832,Night suits
55833,Kajal and Eyeliner
55834,Shorts
55835,Perfume and Body Mist
55836,Deodorant
55837,Deodorant
55838,Deodorant
55839,Deodorant
55840,Deodorant
55841,Deodorant
55842,Deodorant
55843,Deodorant
55844,Deodorant
55845,Deodorant
55846,Deodorant
55847,Deodorant
55848,Gloves
55849,Deodorant
55850,Deodorant
55851,Deodorant
55852,Deodorant
55853,Deodorant
55854,Deodorant
55855,Deodorant
55856,Deodorant
55857,Deodorant
55858,Lipstick
55859,Lipstick
55860,Deodorant
55861,Lipstick
55862,Kajal and Eyeliner
55863,Lipstick
55864,Kajal and Eyeliner
55865,Kajal and Eyeliner
55866,Kajal and Eyeliner
55867,Lipstick
55868,Lipstick
55869,Bra
55870,Lipstick
55871,Lipstick
55872,Kajal and Eyeliner
55873,Lipstick
55874,Lipstick
55875,Deodorant
55876,Lipstick
55877,Kajal and Eyeliner
55878,Lipstick
55879,Lipstick
55880,Kajal and Eyeliner
55881,Kajal and Eyeliner
55882,Lipstick
55883,Lipstick
55884,Kajal and Eyeliner
55885,Kajal and Eyeliner
55886,Lipstick
55887,Lipstick
55888,Deodorant
55889,Kajal and Eyeliner
55890,Kajal and Eyeliner
55891,Lipstick
55892,Kajal and Eyeliner
55893,Kajal and Eyeliner
55894,Kajal and Eyeliner
55895,Kajal and Eyeliner
55896,Kajal and Eyeliner
55897,Kajal and Eyeliner
55898,Lipstick
55899,Lipstick
55900,Deodorant
55901,Lipstick
55902,Kajal and Eyeliner
55903,Deodorant
55904,Lipstick
55905,Lipstick
55906,Lipstick
55907,Lipstick
55909,Deodorant
55910,Lipstick
55911,Deodorant
55912,Deodorant
55913,Deodorant
55914,Lipstick
55915,Deodorant
55916,Lipstick
55917,Deodorant
55918,Lipstick
55919,Kajal and Eyeliner
55920,Deodorant
55921,Deodorant
55922,Lipstick
55923,Lipstick
55924,Deodorant
55925,Deodorant
55926,Deodorant
55927,Lipstick
55928,Deodorant
55929,Lipstick
55930,Deodorant
55931,Deodorant
55932,Deodorant
55933,Deodorant
55935,Deodorant
55936,Deodorant
55937,Lipstick
55938,Lipstick
55939,Deodorant
55940,Deodorant
55941,Deodorant
55942,Deodorant
55943,Deodorant
55944,Deodorant
55945,Deodorant
55946,Deodorant
55947,Deodorant
55948,Deodorant
55949,Deodorant
55950,Deodorant
55951,Deodorant
55952,Deodorant
55953,Deodorant
55954,Lipstick
55955,Deodorant
55956,Kajal and Eyeliner
55957,Lipstick
55958,Lipstick
55959,Lipstick
55960,Lipstick
55961,Lipstick
55962,Lipstick
55963,Kajal and Eyeliner
55964,Lipstick
55965,Deodorant
55966,Lipstick
55967,Lipstick
55968,Lipstick
55969,Lipstick
55970,Lipstick
55971,Lipstick
55972,Lipstick
55973,Lipstick
55974,Lipstick
55975,Lipstick
55976,Lipstick
55977,Lipstick
55978,Lipstick
55979,Lipstick
55980,Lipstick
55981,Lipstick
55982,Lipstick
55983,Deodorant
55984,Lipstick
55985,Lipstick
55986,Deodorant
55987,Lipstick
55988,Lipstick
55989,Lipstick
55990,Lipstick
55991,Lipstick
55992,Lipstick
55993,Lipstick
55994,Lipstick
55995,Lipstick
55996,Kajal and Eyeliner
55997,Lipstick
55998,Lipstick
55999,Lipstick
56000,Lipstick
56001,Lipstick
56002,Lipstick
56003,Deodorant
56004,Lipstick
56005,Lipstick
56006,Lipstick
56007,Lipstick
56008,Gloves
56009,Lipstick
56010,Lipstick
56011,Lipstick
56012,Lipstick
56013,Lipstick
56014,Lipstick
56015,Lipstick
56016,Lipstick
56017,Lipstick
56018,Lipstick
56019,Lipstick
56020,Lipstick
56021,Lipstick
56022,Lipstick
56023,Lipstick
56024,Lipstick
56025,Lipstick
56026,Lipstick
56027,Lipstick
56028,Lipstick
56029,Lipstick
56030,Lipstick
56031,Lipstick
56032,Lipstick
56033,Lipstick
56034,Lipstick
56035,Lipstick
56036,Lipstick
56037,Lipstick
56038,Lipstick
56039,Lipstick
56040,Kajal and Eyeliner
56041,Kajal and Eyeliner
56042,Kajal and Eyeliner
56043,Kajal and Eyeliner
56044,Kajal and Eyeliner
56045,Kajal and Eyeliner
56046,Kajal and Eyeliner
56047,Kajal and Eyeliner
56048,Kajal and Eyeliner
56049,Kajal and Eyeliner
56050,Kajal and Eyeliner
56051,Kajal and Eyeliner
56052,Kajal and Eyeliner
56053,Kajal and Eyeliner
56054,Kajal and Eyeliner
56055,Kajal and Eyeliner
56056,Kajal and Eyeliner
56057,Kajal and Eyeliner
56058,Kajal and Eyeliner
56059,Kajal and Eyeliner
56060,Kajal and Eyeliner
56061,Kajal and Eyeliner
56062,Kajal and Eyeliner
56063,Kajal and Eyeliner
56064,Kajal and Eyeliner
56065,Kajal and Eyeliner
56066,Lipstick
56067,Blazers
56068,Lipstick
56069,Kajal and Eyeliner
56070,Kajal and Eyeliner
56071,Kajal and Eyeliner
56072,Kajal and Eyeliner
56073,Kajal and Eyeliner
56074,Kajal and Eyeliner
56075,Kajal and Eyeliner
56076,Kajal and Eyeliner
56077,Kajal and Eyeliner
56078,Earrings
56079,Lipstick
56080,Lipstick
56081,Lipstick
56082,Lipstick
56083,Lipstick
56084,Lipstick
56085,Earrings
56086,Lipstick
56087,Lipstick
56088,Lipstick
56089,Lipstick
56090,Capris
56091,Capris
56092,Capris
56093,Lipstick
56094,Lipstick
56095,Lipstick
56096,Lipstick
56097,Capris
56098,Earrings
56099,Lipstick
56100,Lipstick
56101,Lipstick
56102,Lipstick
56103,Capris
56104,Lipstick
56105,Capris
56106,Lipstick
56107,Lipstick
56108,Lipstick
56109,Wristbands
56110,Wristbands
56111,Cufflinks
56112,Wristbands
56113,Flip Flops
56114,Wristbands
56115,Cufflinks
56116,Wristbands
56117,Wristbands
56118,Cufflinks
56119,Cufflinks
56120,Cufflinks
56121,Kajal and Eyeliner
56122,Capris
56123,Capris
56124,Capris
56125,Shorts
56126,Shorts
56127,Earrings
56128,Earrings
56129,Earrings
56133,Capris
56134,Capris
56135,Sports Shoes
56136,Sports Shoes
56137,Casual Shoes
56138,Sports Shoes
56139,Casual Shoes
56140,Sports Shoes
56141,Sports Shoes
56142,Sports Shoes
56143,Sports Shoes
56144,Sports Shoes
56145,Sports Shoes
56146,Sports Shoes
56147,Sports Shoes
56148,Sports Shoes
56149,Kajal and Eyeliner
56150,Kajal and Eyeliner
56151,Kajal and Eyeliner
56152,Kajal and Eyeliner
56153,Kajal and Eyeliner
56154,Kajal and Eyeliner
56155,Kajal and Eyeliner
56156,Kajal and Eyeliner
56157,Kajal and Eyeliner
56158,Kajal and Eyeliner
56159,Kajal and Eyeliner
56160,Kajal and Eyeliner
56161,Kajal and Eyeliner
56162,Kajal and Eyeliner
56164,Kajal and Eyeliner
56165,Kajal and Eyeliner
56166,Kajal and Eyeliner
56167,Kajal and Eyeliner
56168,Earrings
56170,Earrings
56171,Capris
56172,Kajal and Eyeliner
56173,Kajal and Eyeliner
56174,Kajal and Eyeliner
56175,Cufflinks
56176,Kajal and Eyeliner
56177,Kajal and Eyeliner
56178,Heels
56179,Heels
56180,Sunglasses
56181,Heels
56182,Heels
56183,Heels
56184,Heels
56185,Shorts
56186,Shorts
56187,Shorts
56188,Shorts
56189,Cufflinks
56190,Sunglasses
56191,Tshirts
56192,Tshirts
56193,Sports Shoes
56194,Sports Shoes
56195,Sports Shoes
56196,Sunglasses
56198,Earrings
56199,Earrings
56201,Earrings
56202,Earrings
56203,Earrings
56205,Perfume and Body Mist
56206,Earrings
56207,Earrings
56208,Earrings
56209,Earrings
56210,Earrings
56211,Earrings
56212,Earrings
56213,Earrings
56214,Earrings
56215,Earrings
56216,Earrings
56217,Earrings
56218,Earrings
56219,Earrings
56220,Earrings
56221,Night suits
56222,Stockings
56223,Stockings
56224,Dupatta
56225,Night suits
56226,Trousers
56227,Stockings
56228,Tracksuits
56229,Dupatta
56230,Stockings
56231,Night suits
56232,Night suits
56233,Stockings
56234,Night suits
56235,Night suits
56236,Tracksuits
56237,Tracksuits
56238,Night suits
56239,Night suits
56240,Night suits
56241,Stockings
56243,Stockings
56244,Stockings
56245,Stockings
56247,Tracksuits
56248,Night suits
56249,Night suits
56250,Night suits
56251,Stockings
56252,Lipstick
56253,Tracksuits
56254,Night suits
56255,Stockings
56256,Night suits
56257,Night suits
56258,Stockings
56260,Night suits
56261,Tracksuits
56262,Night suits
56263,Night suits
56265,Kurta Sets
56266,Night suits
56267,Night suits
56268,Night suits
56269,Night suits
56270,Bra
56271,Bra
56272,Bra
56273,Tshirts
56274,Bra
56275,Bra
56276,Bra
56277,Bra
56278,Bra
56279,Bra
56280,Bra
56281,Bra
56282,Bra
56283,Bra
56284,Bra
56285,Bra
56286,Bra
56287,Bra
56288,Bra
56289,Bra
56290,Briefs
56291,Briefs
56292,Bra
56293,Bra
56294,Bra
56295,Bra
56296,Briefs
56297,Briefs
56298,Bra
56299,Bra
56300,Bra
56301,Tshirts
56302,Bra
56303,Briefs
56304,Briefs
56305,Briefs
56306,Bra
56307,Bra
56308,Briefs
56309,Briefs
56310,Bra
56311,Bra
56312,Watches
56313,Watches
56314,Free Gifts
56315,Socks
56316,Shorts
56317,Trousers
56318,Trousers
56319,Socks
56320,Free Gifts
56321,Shirts
56322,Tracksuits
56323,Watches
56324,Free Gifts
56326,Socks
56327,Watches
56329,Watches
56330,Watches
56331,Watches
56332,Messenger Bag
56333,Tshirts
56335,Watches
56336,Watches
56337,Watches
56338,Watches
56339,Watches
56340,Watches
56341,Watches
56342,Watches
56343,Watches
56344,Watches
56346,Watches
56348,Watches
56349,Deodorant
56351,Deodorant
56352,Deodorant
56353,Deodorant
56354,Deodorant
56355,Deodorant
56356,Fragrance Gift Set
56359,Earrings
56360,Earrings
56361,Earrings
56362,Perfume and Body Mist
56363,Perfume and Body Mist
56364,Perfume and Body Mist
56365,Cufflinks
56366,Perfume and Body Mist
56367,Cufflinks
56368,Perfume and Body Mist
56375,Deodorant
56376,Perfume and Body Mist
56377,Earrings
56378,Perfume and Body Mist
56379,Perfume and Body Mist
56380,Earrings
56381,Earrings
56385,Deodorant
56386,Perfume and Body Mist
56388,Perfume and Body Mist
56389,Capris
56390,Deodorant
56391,Earrings
56392,Kajal and Eyeliner
56393,Perfume and Body Mist
56394,Lipstick
56395,Deodorant
56402,Sports Shoes
56403,Flip Flops
56404,Flip Flops
56405,Flip Flops
56406,Flip Flops
56407,Flip Flops
56410,Casual Shoes
56411,Flip Flops
56412,Flip Flops
56413,Sandals
56414,Sandals
56415,Sports Sandals
56416,Bra
56417,Tshirts
56418,Bra
56419,Bra
56420,Bra
56421,Bra
56422,Bra
56423,Bra
56424,Basketballs
56425,Cufflinks
56427,Mobile Pouch
56428,Mobile Pouch
56429,Casual Shoes
56432,Shorts
56436,Lipstick
56440,Lipstick
56443,Deodorant
56444,Perfume and Body Mist
56446,Shorts
56447,Deodorant
56448,Lipstick
56450,Deodorant
56451,Deodorant
56452,Lipstick
56454,Deodorant
56455,Deodorant
56456,Deodorant
56458,Lipstick
56460,Deodorant
56461,Lipstick
56462,Deodorant
56463,Capris
56464,Lipstick
56465,Lipstick
56466,Deodorant
56467,Deodorant
56468,Capris
56469,Deodorant
56470,Lipstick
56471,Capris
56472,Deodorant
56473,Deodorant
56474,Deodorant
56475,Capris
56476,Capris
56477,Deodorant
56478,Deodorant
56479,Deodorant
56480,Lipstick
56481,Lipstick
56482,Capris
56483,Lipstick
56484,Deodorant
56485,Deodorant
56486,Lipstick
56488,Deodorant
56489,Deodorant
56490,Lipstick
56491,Deodorant
56492,Deodorant
56493,Deodorant
56494,Deodorant
56495,Capris
56496,Deodorant
56497,Deodorant
56498,Capris
56499,Lipstick
56500,Deodorant
56501,Deodorant
56502,Deodorant
56503,Deodorant
56504,Lipstick
56505,Deodorant
56506,Lipstick
56507,Lipstick
56508,Lipstick
56509,Lipstick
56511,Lipstick
56512,Lipstick
56513,Lipstick
56515,Capris
56516,Capris
56517,Lipstick
56518,Capris
56519,Lipstick
56520,Lipstick
56521,Lipstick
56522,Lipstick
56523,Lipstick
56524,Lipstick
56525,Lipstick
56526,Lipstick
56527,Lipstick
56528,Lipstick
56529,Lipstick
56530,Lipstick
56531,Lipstick
56532,Lipstick
56533,Lipstick
56534,Lipstick
56535,Lipstick
56536,Lipstick
56537,Lipstick
56539,Lipstick
56540,Lipstick
56541,Lipstick
56542,Lipstick
56543,Kajal and Eyeliner
56544,Earrings
56545,Lipstick
56546,Deodorant
56547,Kajal and Eyeliner
56548,Kajal and Eyeliner
56549,Kajal and Eyeliner
56550,Kajal and Eyeliner
56551,Deodorant
56553,Deodorant
56554,Deodorant
56555,Lipstick
56556,Lipstick
56558,Lipstick
56559,Lipstick
56560,Lipstick
56561,Lipstick
56562,Lipstick
56563,Lipstick
56564,Lipstick
56565,Lipstick
56566,Lipstick
56568,Shorts
56569,Capris
56570,Capris
56571,Shorts
56572,Shorts
56573,Shorts
56574,Shorts
56575,Shorts
56576,Lipstick
56579,Earrings
56580,Formal Shoes
56581,Heels
56582,Heels
56583,Deodorant
56584,Lipstick
56585,Lipstick
56588,Lip Liner
56590,Shorts
56591,Shorts
56592,Shorts
56593,Shorts
56594,Kajal and Eyeliner
56597,Kajal and Eyeliner
56598,Kajal and Eyeliner
56599,Kajal and Eyeliner
56600,Lipstick
56601,Kajal and Eyeliner
56602,Kajal and Eyeliner
56603,Kajal and Eyeliner
56604,Earrings
56605,Lipstick
56606,Shorts
56607,Perfume and Body Mist
56608,Perfume and Body Mist
56609,Tshirts
56610,Tshirts
56611,Tshirts
56612,Shorts
56613,Shorts
56614,Shorts
56615,Cufflinks
56616,Cufflinks
56617,Shorts
56618,Basketballs
56619,Basketballs
56620,Mobile Pouch
56622,Perfume and Body Mist
56624,Perfume and Body Mist
56626,Tshirts
56627,Perfume and Body Mist
56631,Deodorant
56632,Tshirts
56634,Deodorant
56638,Shirts
56639,Kurtas
56640,Kurtas
56642,Stoles
56643,Jackets
56646,Shirts
56647,Shirts
56649,Tops
56650,Tshirts
56651,Tshirts
56652,Formal Shoes
56653,Casual Shoes
56654,Casual Shoes
56655,Sports Shoes
56656,Formal Shoes
56657,Casual Shoes
56658,Casual Shoes
56659,Formal Shoes
56660,Casual Shoes
56661,Formal Shoes
56662,Sports Shoes
56663,Formal Shoes
56664,Formal Shoes
56665,Formal Shoes
56666,Casual Shoes
56667,Watches
56668,Watches
56669,Watches
56670,Watches
56671,Watches
56672,Watches
56673,Watches
56674,Watches
56675,Watches
56676,Watches
56677,Watches
56678,Watches
56679,Sports Sandals
56680,Sports Sandals
56681,Watches
56682,Watches
56684,Sarees
56685,Sarees
56686,Sarees
56687,Kurtas
56688,Sarees
56689,Dresses
56691,Sarees
56692,Tshirts
56693,Shirts
56694,Shirts
56695,Shirts
56696,Shirts
56697,Shirts
56698,Shirts
56699,Shirts
56700,Shirts
56701,Shirts
56702,Shirts
56703,Shirts
56704,Shirts
56705,Stoles
56709,Kurtas
56711,Kurtas
56713,Kurtas
56714,Kurtas
56715,Shirts
56718,Kurtas
56720,Casual Shoes
56721,Sports Shoes
56722,Sports Shoes
56723,Sports Shoes
56724,Flip Flops
56725,Tshirts
56733,Tshirts
56734,Tshirts
56736,Tshirts
56752,Tshirts
56753,Tshirts
56765,Sweaters
56769,Shirts
56770,Shirts
56771,Shirts
56787,Shirts
56795,Jeans
56798,Jeans
56805,Night suits
56806,Shirts
56807,Tshirts
56808,Shirts
56809,Shirts
56810,Tshirts
56811,Kurtas
56812,Scarves
56813,Kurtas
56814,Shirts
56815,Tunics
56816,Shirts
56817,Tshirts
56818,Shirts
56819,Shirts
56820,Shirts
56821,Shorts
56822,Shorts
56825,Tshirts
56827,Jeans
56828,Jeans
56829,Lounge Pants
56843,Jeans
56844,Jeans
56845,Lounge Pants
56846,Jeans
56847,Jeans
56849,Jeans
56850,Trousers
56852,Jeans
56854,Tshirts
56855,Tshirts
56856,Flip Flops
56857,Flip Flops
56858,Flip Flops
56859,Flip Flops
56860,Flip Flops
56861,Flip Flops
56862,Bangle
56863,Heels
56864,Heels
56865,Sports Sandals
56866,Sports Sandals
56867,Sports Sandals
56868,Flip Flops
56869,Sports Sandals
56870,Sports Sandals
56871,Flip Flops
56872,Sports Sandals
56873,Flip Flops
56874,Flip Flops
56875,Bangle
56876,Flip Flops
56877,Bangle
56878,Sports Shoes
56879,Bangle
56880,Duffel Bag
56881,Bangle
56882,Flip Flops
56883,Sports Shoes
56884,Flip Flops
56885,Flip Flops
56886,Bangle
56887,Flip Flops
56888,Flats
56889,Flip Flops
56890,Flip Flops
56891,Flip Flops
56893,Sports Sandals
56894,Sports Sandals
56895,Sports Sandals
56896,Bangle
56897,Sports Sandals
56898,Bangle
56899,Sports Shoes
56900,Flats
56901,Flip Flops
56902,Flip Flops
56903,Flip Flops
56904,Flip Flops
56905,Flip Flops
56906,Flip Flops
56907,Flip Flops
56908,Flip Flops
56909,Flip Flops
56910,Flip Flops
56911,Bangle
56912,Flip Flops
56913,Flip Flops
56914,Flip Flops
56915,Flip Flops
56916,Heels
56917,Formal Shoes
56918,Flip Flops
56919,Flip Flops
56920,Sports Sandals
56921,Sports Sandals
56922,Headband
56923,Flip Flops
56924,Flip Flops
56925,Flip Flops
56926,Flip Flops
56927,Flats
56928,Heels
56929,Heels
56930,Flip Flops
56931,Bangle
56932,Bangle
56933,Bangle
56934,Bangle
56935,Flip Flops
56936,Flip Flops
56937,Sports Sandals
56938,Casual Shoes
56939,Flip Flops
56940,Flats
56941,Flip Flops
56942,Heels
56943,Flip Flops
56944,Heels
56945,Heels
56946,Bangle
56947,Heels
56948,Sports Sandals
56949,Flip Flops
56950,Flip Flops
56951,Flip Flops
56952,Cufflinks
56953,Sports Sandals
56954,Heels
56955,Bangle
56956,Sports Sandals
56957,Sports Shoes
56958,Flip Flops
56959,Flip Flops
56960,Flip Flops
56961,Flats
56962,Flip Flops
56963,Flip Flops
56964,Flip Flops
56965,Headband
56966,Flip Flops
56967,Flip Flops
56968,Flip Flops
56969,Flip Flops
56970,Flip Flops
56971,Flip Flops
56972,Flip Flops
56973,Flip Flops
56974,Flip Flops
56975,Sports Sandals
56976,Flip Flops
56977,Heels
56978,Flats
56979,Flip Flops
56980,Flip Flops
56981,Flats
56982,Flats
56983,Flip Flops
56984,Bangle
56985,Flats
56986,Sports Sandals
56987,Heels
56988,Flip Flops
56989,Flats
56990,Flats
56991,Flats
56992,Flip Flops
56993,Flats
56994,Heels
56995,Heels
56996,Sports Shoes
56997,Headband
56998,Waist Pouch
56999,Flip Flops
57000,Flats
57001,Flats
57002,Bangle
57003,Sports Sandals
57004,Sports Shoes
57005,Flip Flops
57006,Flip Flops
57007,Flats
57008,Flip Flops
57009,Flip Flops
57010,Flip Flops
57011,Flip Flops
57012,Flats
57013,Flip Flops
57014,Flip Flops
57015,Briefs
57016,Briefs
57017,Briefs
57018,Briefs
57019,Briefs
57021,Briefs
57022,Briefs
57023,Briefs
57024,Briefs
57025,Briefs
57026,Briefs
57027,Capris
57028,Tshirts
57029,Tshirts
57030,Tshirts
57031,Stoles
57032,Tshirts
57033,Tshirts
57034,Shirts
57035,Tops
57036,Sarees
57037,Dresses
57038,Shirts
57039,Dresses
57040,Sarees
57041,Dresses
57042,Innerwear Vests
57043,Blazers
57044,Tops
57045,Dresses
57046,Dresses
57047,Dresses
57048,Dresses
57049,Dresses
57050,Shirts
57051,Shirts
57052,Night suits
57053,Dresses
57054,Tshirts
57055,Dresses
57056,Night suits
57057,Dresses
57058,Shirts
57059,Tops
57060,Tshirts
57061,Tshirts
57062,Tshirts
57063,Shirts
57064,Blazers
57065,Tshirts
57066,Tops
57067,Tunics
57068,Tshirts
57069,Tshirts
57070,Jeans
57071,Jeans
57072,Jeans
57073,Jeans
57074,Stockings
57075,Jeans
57076,Jeans
57077,Jeans
57078,Stockings
57079,Tops
57080,Shirts
57081,Tshirts
57082,Shorts
57083,Shorts
57084,Shorts
57085,Shirts
57086,Shorts
57087,Tops
57088,Shorts
57089,Shorts
57090,Shorts
57091,Shorts
57092,Night suits
57093,Shorts
57094,Shorts
57095,Shorts
57096,Jeans
57097,Shorts
57099,Shorts
57100,Tops
57101,Tshirts
57102,Shirts
57103,Tshirts
57104,Shirts
57105,Tshirts
57106,Shirts
57107,Tshirts
57108,Tshirts
57109,Shirts
57110,Shirts
57111,Shirts
57112,Tops
57114,Tshirts
57115,Tshirts
57116,Night suits
57117,Tshirts
57118,Tshirts
57119,Night suits
57120,Tshirts
57121,Tshirts
57122,Tshirts
57123,Tunics
57124,Tshirts
57125,Tshirts
57126,Tshirts
57127,Tshirts
57128,Shirts
57129,Tshirts
57130,Shirts
57131,Tshirts
57132,Tshirts
57133,Tshirts
57134,Shirts
57135,Tshirts
57136,Stockings
57137,Shorts
57138,Shorts
57139,Lounge Pants
57140,Shorts
57141,Shorts
57142,Tops
57143,Tshirts
57144,Tshirts
57145,Innerwear Vests
57146,Tshirts
57147,Tshirts
57148,Tops
57149,Tops
57150,Tshirts
57151,Tshirts
57152,Tshirts
57153,Innerwear Vests
57154,Tshirts
57155,Shirts
57156,Tshirts
57157,Shirts
57158,Tshirts
57159,Tshirts
57160,Tshirts
57161,Tshirts
57162,Tshirts
57163,Tshirts
57164,Tshirts
57165,Tshirts
57166,Tshirts
57167,Tshirts
57168,Tshirts
57169,Tshirts
57170,Tshirts
57171,Shirts
57172,Tshirts
57173,Tshirts
57174,Tshirts
57175,Tshirts
57176,Tshirts
57177,Shirts
57178,Shirts
57179,Shirts
57180,Shirts
57181,Dresses
57182,Dresses
57183,Tshirts
57184,Tshirts
57185,Tunics
57186,Tshirts
57187,Tshirts
57188,Shirts
57189,Shirts
57190,Shirts
57191,Shirts
57192,Shirts
57193,Tshirts
57194,Tshirts
57195,Shirts
57196,Tshirts
57197,Tshirts
57198,Shirts
57199,Shorts
57200,Shirts
57201,Tshirts
57202,Kurtas
57203,Shirts
57204,Jeans
57205,Shorts
57207,Jeans
57208,Jeans
57209,Jeans
57210,Jeans
57211,Shorts
57212,Jeans
57213,Jeans
57214,Shorts
57215,Shorts
57216,Shorts
57217,Jeans
57218,Jeans
57225,Handbags
57226,Handbags
57229,Handbags
57230,Handbags
57231,Handbags
57235,Handbags
57236,Handbags
57237,Handbags
57238,Handbags
57239,Handbags
57240,Handbags
57241,Handbags
57242,Duffel Bag
57243,Handbags
57244,Handbags
57246,Handbags
57247,Handbags
57252,Handbags
57253,Handbags
57254,Handbags
57255,Shorts
57256,Handbags
57258,Handbags
57259,Handbags
57261,Handbags
57262,Handbags
57263,Duffel Bag
57264,Handbags
57266,Handbags
57268,Tshirts
57273,Shirts
57274,Shirts
57275,Shirts
57276,Shirts
57277,Tshirts
57280,Shirts
57281,Shirts
57282,Shirts
57283,Tshirts
57284,Shirts
57285,Shirts
57286,Shirts
57287,Shirts
57288,Shirts
57289,Shirts
57290,Shirts
57291,Shirts
57292,Shirts
57293,Shirts
57294,Shirts
57295,Shirts
57296,Shirts
57297,Shirts
57298,Flats
57299,Flip Flops
57300,Heels
57301,Sunglasses
57302,Flip Flops
57303,Heels
57304,Sports Sandals
57305,Sports Sandals
57306,Heels
57307,Flip Flops
57308,Flip Flops
57309,Flip Flops
57310,Tshirts
57311,Bra
57312,Bra
57313,Bra
57316,Bra
57318,Bra
57319,Bra
57320,Bra
57321,Tshirts
57322,Bra
57323,Bra
57324,Bra
57325,Bra
57326,Bra
57327,Bra
57328,Bra
57329,Bra
57330,Bra
57331,Bra
57333,Bra
57334,Bra
57335,Bra
57336,Bra
57338,Bra
57339,Bra
57340,Bra
57342,Bra
57343,Bra
57344,Bra
57345,Bra
57346,Bra
57347,Bra
57348,Bra
57349,Bra
57350,Bra
57351,Bra
57352,Bra
57353,Bra
57354,Bra
57355,Bra
57356,Bra
57357,Bra
57358,Bra
57359,Bra
57360,Bra
57361,Bra
57362,Bra
57363,Bra
57365,Briefs
57366,Briefs
57367,Briefs
57368,Briefs
57369,Briefs
57370,Briefs
57371,Briefs
57372,Briefs
57373,Briefs
57374,Briefs
57375,Briefs
57376,Messenger Bag
57378,Briefs
57379,Briefs
57380,Boxers
57382,Briefs
57383,Briefs
57384,Briefs
57388,Briefs
57389,Shorts
57390,Briefs
57391,Sports Shoes
57392,Shorts
57393,Briefs
57395,Briefs
57397,Briefs
57398,Briefs
57399,Briefs
57400,Briefs
57401,Briefs
57402,Briefs
57403,Briefs
57404,Boxers
57405,Briefs
57406,Briefs
57407,Briefs
57408,Briefs
57409,Briefs
57410,Briefs
57411,Briefs
57412,Briefs
57413,Briefs
57414,Briefs
57415,Briefs
57416,Trousers
57418,Tshirts
57419,Shirts
57420,Tshirts
57421,Tshirts
57422,Tshirts
57423,Tshirts
57424,Tshirts
57425,Tshirts
57426,Tshirts
57427,Tshirts
57428,Tshirts
57429,Tops
57430,Tshirts
57431,Tshirts
57432,Tshirts
57433,Tshirts
57434,Tshirts
57435,Tshirts
57436,Tshirts
57437,Tshirts
57438,Tshirts
57439,Tshirts
57440,Tshirts
57441,Tshirts
57442,Tshirts
57443,Tshirts
57444,Tshirts
57445,Tshirts
57446,Tshirts
57447,Tshirts
57448,Highlighter and Blush
57449,Tshirts
57450,Tshirts
57457,Waist Pouch
57458,Waist Pouch
57459,Waist Pouch
57462,Clutches
57463,Belts
57466,Flip Flops
57467,Sports Shoes
57468,Flip Flops
57469,Sports Shoes
57470,Casual Shoes
57471,Casual Shoes
57475,Sports Sandals
57476,Casual Shoes
57477,Sports Shoes
57478,Sports Shoes
57479,Sports Shoes
57480,Sports Shoes
57481,Sports Shoes
57482,Casual Shoes
57483,Sports Shoes
57484,Flip Flops
57487,Formal Shoes
57488,Formal Shoes
57489,Formal Shoes
57490,Formal Shoes
57491,Formal Shoes
57492,Formal Shoes
57493,Formal Shoes
57494,Formal Shoes
57495,Formal Shoes
57496,Formal Shoes
57497,Formal Shoes
57498,Formal Shoes
57499,Formal Shoes
57500,Sandals
57501,Casual Shoes
57502,Sandals
57503,Flip Flops
57504,Sports Sandals
57505,Flip Flops
57506,Flip Flops
57507,Flip Flops
57508,Sports Sandals
57509,Formal Shoes
57510,Formal Shoes
57511,Formal Shoes
57512,Formal Shoes
57513,Formal Shoes
57514,Formal Shoes
57515,Formal Shoes
57516,Formal Shoes
57517,Formal Shoes
57518,Formal Shoes
57519,Formal Shoes
57520,Formal Shoes
57521,Formal Shoes
57522,Formal Shoes
57523,Formal Shoes
57524,Formal Shoes
57525,Formal Shoes
57526,Formal Shoes
57527,Formal Shoes
57528,Formal Shoes
57529,Formal Shoes
57530,Formal Shoes
57531,Formal Shoes
57532,Sports Sandals
57533,Casual Shoes
57534,Belts
57536,Belts
57539,Belts
57543,Lip Liner
57544,Lip Liner
57545,Lip Liner
57547,Lipstick
57548,Lip Liner
57549,Lip Liner
57550,Lip Liner
57552,Lipstick
57553,Lipstick
57554,Lipstick
57555,Lipstick
57556,Lipstick
57557,Lipstick
57558,Lipstick
57559,Lipstick
57560,Lipstick
57561,Lipstick
57562,Lipstick
57563,Lipstick
57566,Lipstick
57567,Lipstick
57568,Lipstick
57569,Lipstick
57570,Lipstick
57571,Lipstick
57572,Lipstick
57573,Lipstick
57574,Lipstick
57575,Lipstick
57576,Lipstick
57577,Lipstick
57578,Lipstick
57579,Lipstick
57580,Lipstick
57581,Lipstick
57582,Lipstick
57583,Lipstick
57584,Lipstick
57586,Lipstick
57587,Lipstick
57588,Lipstick
57589,Lipstick
57591,Lipstick
57592,Lipstick
57593,Lipstick
57594,Lipstick
57595,Lipstick
57596,Lipstick
57597,Lipstick
57598,Lipstick
57599,Lipstick
57600,Lipstick
57601,Lipstick
57603,Lipstick
57604,Lipstick
57605,Lipstick
57606,Lipstick
57607,Deodorant
57608,Lipstick
57609,Deodorant
57610,Deodorant
57611,Deodorant
57613,Shorts
57614,Deodorant
57615,Tshirts
57616,Capris
57617,Deodorant
57619,Tshirts
57620,Deodorant
57621,Deodorant
57622,Capris
57623,Deodorant
57624,Deodorant
57625,Perfume and Body Mist
57627,Lipstick
57628,Mobile Pouch
57629,Deodorant
57630,Duffel Bag
57631,Lipstick
57632,Lipstick
57633,Lipstick
57634,Lipstick
57635,Lipstick
57636,Lipstick
57637,Lipstick
57638,Kajal and Eyeliner
57639,Lipstick
57640,Lipstick
57642,Lipstick
57643,Lipstick
57644,Lipstick
57645,Lipstick
57646,Lipstick
57647,Lipstick
57649,Deodorant
57650,Deodorant
57651,Lipstick
57652,Deodorant
57653,Lipstick
57654,Lipstick
57655,Lipstick
57656,Kajal and Eyeliner
57657,Lipstick
57658,Kajal and Eyeliner
57660,Lipstick
57661,Lipstick
57662,Lipstick
57664,Lipstick
57667,Deodorant
57668,Lipstick
57669,Lipstick
57670,Lipstick
57671,Kajal and Eyeliner
57672,Lipstick
57673,Kajal and Eyeliner
57674,Perfume and Body Mist
57675,Perfume and Body Mist
57676,Capris
57677,Sports Shoes
57678,Capris
57679,Perfume and Body Mist
57681,Tshirts
57683,Perfume and Body Mist
57685,Earrings
57687,Perfume and Body Mist
57689,Perfume and Body Mist
57690,Lipstick
57691,Perfume and Body Mist
57692,Deodorant
57694,Deodorant
57696,Perfume and Body Mist
57697,Messenger Bag
57698,Messenger Bag
57699,Sports Shoes
57700,Backpacks
57701,Messenger Bag
57702,Perfume and Body Mist
57703,Tshirts
57704,Perfume and Body Mist
57705,Deodorant
57706,Kajal and Eyeliner
57707,Kajal and Eyeliner
57708,Lip Liner
57709,Kajal and Eyeliner
57710,Lip Liner
57711,Kajal and Eyeliner
57712,Lip Liner
57713,Kajal and Eyeliner
57714,Kajal and Eyeliner
57715,Lip Liner
57716,Lip Liner
57717,Earrings
57718,Earrings
57719,Lip Liner
57720,Lip Liner
57721,Lip Liner
57724,Lip Liner
57725,Earrings
57727,Kajal and Eyeliner
57728,Lipstick
57729,Lipstick
57730,Mobile Pouch
57731,Lipstick
57732,Mobile Pouch
57733,Lipstick
57734,Deodorant
57735,Mobile Pouch
57736,Mobile Pouch
57737,Perfume and Body Mist
57738,Tshirts
57739,Lipstick
57740,Bra
57741,Bra
57742,Lipstick
57743,Lipstick
57744,Bra
57745,Lipstick
57746,Lipstick
57747,Lipstick
57749,Deodorant
57750,Deodorant
57752,Deodorant
57753,Lipstick
57754,Deodorant
57755,Deodorant
57756,Deodorant
57757,Perfume and Body Mist
57758,Deodorant
57759,Deodorant
57760,Perfume and Body Mist
57761,Perfume and Body Mist
57762,Deodorant
57763,Messenger Bag
57764,Deodorant
57765,Deodorant
57766,Perfume and Body Mist
57767,Shirts
57768,Deodorant
57770,Messenger Bag
57771,Deodorant
57772,Perfume and Body Mist
57773,Shorts
57774,Deodorant
57776,Mobile Pouch
57777,Mobile Pouch
57778,Tshirts
57779,Tshirts
57780,Kajal and Eyeliner
57781,Tshirts
57782,Sports Shoes
57783,Lipstick
57784,Heels
57785,Wallets
57786,Cufflinks
57787,Heels
57788,Heels
57789,Heels
57790,Heels
57791,Lip Liner
57792,Bra
57793,Lip Liner
57794,Flip Flops
57795,Backpacks
57796,Sports Shoes
57798,Perfume and Body Mist
57800,Deodorant
57801,Perfume and Body Mist
57802,Highlighter and Blush
57803,Flip Flops
57804,Briefs
57805,Mobile Pouch
57810,Tshirts
57811,Tshirts
57812,Tunics
57815,Tshirts
57816,Tops
57817,Tops
57818,Tshirts
57819,Shirts
57820,Tops
57823,Tshirts
57824,Jeans
57832,Dresses
57833,Tshirts
57834,Shirts
57835,Mobile Pouch
57836,Cufflinks
57837,Mobile Pouch
57838,Mobile Pouch
57845,Waist Pouch
57846,Clutches
57847,Mobile Pouch
57849,Heels
57850,Heels
57851,Sports Shoes
57852,Heels
57853,Flip Flops
57854,Bangle
57855,Flats
57856,Heels
57857,Heels
57858,Flats
57859,Perfume and Body Mist
57860,Cufflinks
57861,Perfume and Body Mist
57862,Perfume and Body Mist
57863,Tshirts
57864,Capris
57865,Perfume and Body Mist
57866,Gloves
57867,Perfume and Body Mist
57868,Caps
57869,Messenger Bag
57870,Capris
57871,Perfume and Body Mist
57872,Fragrance Gift Set
57873,Tshirts
57874,Belts
57875,Earrings
57876,Perfume and Body Mist
57877,Perfume and Body Mist
57878,Messenger Bag
57879,Trunk
57880,Caps
57881,Deodorant
57883,Perfume and Body Mist
57884,Mobile Pouch
57885,Tshirts
57886,Wallets
57887,Caps
57888,Trunk
57889,Capris
57890,Trunk
57891,Lipstick
57892,Trunk
57893,Shorts
57894,Jeans
57895,Shirts
57896,Shorts
57897,Tshirts
57898,Shirts
57899,Jeans
57906,Capris
57907,Socks
57908,Capris
57909,Trunk
57910,Socks
57911,Shirts
57912,Socks
57913,Socks
57914,Earrings
57915,Backpacks
57916,Socks
57917,Capris
57918,Backpacks
57919,Socks
57920,Capris
57921,Socks
57922,Jeans
57923,Jeans
57924,Jeans
57925,Jeans
57930,Tshirts
57931,Tshirts
57932,Tshirts
57933,Shirts
57934,Sports Sandals
57935,Sports Sandals
57936,Sports Shoes
57937,Sports Shoes
57938,Sports Sandals
57939,Formal Shoes
57940,Flip Flops
57941,Formal Shoes
57942,Formal Shoes
57943,Formal Shoes
57944,Flip Flops
57945,Formal Shoes
57946,Formal Shoes
57947,Formal Shoes
57948,Casual Shoes
57949,Formal Shoes
57950,Formal Shoes
57952,Lipstick
57953,Sarees
57954,Sarees
57956,Sarees
57957,Sarees
57958,Sarees
57959,Trousers
57960,Sarees
57961,Lipstick
57962,Lipstick
57963,Sarees
57964,Sarees
57965,Sarees
57966,Sarees
57967,Sarees
57968,Lipstick
57969,Sarees
57970,Sarees
57971,Sarees
57972,Lipstick
57973,Sarees
57974,Sarees
57975,Lipstick
57976,Sarees
57980,Shorts
57981,Tshirts
57982,Shirts
57983,Shirts
57985,Tshirts
57986,Dresses
57987,Shirts
57988,Shirts
57989,Shirts
57990,Shirts
57991,Tops
57992,Shirts
57993,Night suits
57994,Dresses
57995,Dresses
57996,Swimwear
57997,Dresses
57998,Dresses
57999,Dresses
58000,Shirts
58001,Shirts
58002,Shirts
58003,Shirts
58004,Blazers
58005,Tshirts
58006,Tops
58007,Tshirts
58008,Tshirts
58009,Tops
58010,Night suits
58011,Tshirts
58012,Tops
58013,Shirts
58014,Tops
58015,Shirts
58016,Earrings
58017,Earrings
58018,Earrings
58020,Heels
58022,Earrings
58023,Earrings
58024,Earrings
58027,Earrings
58028,Earrings
58030,Earrings
58032,Earrings
58035,Sports Shoes
58037,Earrings
58039,Earrings
58041,Earrings
58042,Earrings
58044,Cufflinks
58045,Earrings
58046,Earrings
58049,Earrings
58050,Earrings
58051,Earrings
58052,Earrings
58053,Earrings
58057,Earrings
58058,Necklace and Chains
58059,Earrings
58060,Earrings
58061,Earrings
58062,Earrings
58063,Earrings
58071,Earrings
58072,Lipstick
58073,Earrings
58074,Earrings
58075,Earrings
58076,Earrings
58078,Earrings
58085,Cufflinks
58086,Cufflinks
58087,Earrings
58093,Earrings
58096,Earrings
58097,Wristbands
58098,Cufflinks
58099,Cufflinks
58100,Gloves
58104,Earrings
58107,Earrings
58108,Lipstick
58109,Kajal and Eyeliner
58110,Earrings
58111,Earrings
58112,Kajal and Eyeliner
58115,Kajal and Eyeliner
58116,Earrings
58117,Earrings
58118,Cufflinks
58121,Earrings
58123,Kajal and Eyeliner
58128,Kajal and Eyeliner
58129,Earrings
58131,Earrings
58132,Earrings
58133,Earrings
58135,Earrings
58136,Earrings
58137,Earrings
58138,Lipstick
58139,Lipstick
58140,Earrings
58141,Earrings
58143,Backpacks
58144,Backpacks
58145,Backpacks
58146,Backpacks
58147,Shirts
58148,Capris
58149,Caps
58150,Caps
58151,Caps
58152,Caps
58153,Caps
58154,Caps
58155,Handbags
58156,Handbags
58157,Messenger Bag
58158,Stockings
58159,Clutches
58160,Wallets
58161,Wallets
58162,Cufflinks
58163,Wallets
58164,Wallets
58165,Clutches
58166,Wallets
58167,Wallets
58168,Wallets
58169,Wallets
58170,Wallets
58171,Handbags
58172,Handbags
58173,Handbags
58174,Messenger Bag
58175,Duffel Bag
58176,Handbags
58177,Handbags
58178,Messenger Bag
58179,Duffel Bag
58180,Handbags
58181,Duffel Bag
58182,Handbags
58183,Handbags
58184,Handbags
58185,Handbags
58186,Handbags
58187,Handbags
58188,Handbags
58189,Messenger Bag
58190,Duffel Bag
58191,Backpacks
58194,Handbags
58195,Shorts
58196,Handbags
58200,Sports Shoes
58201,Wallets
58202,Belts
58203,Belts
58204,Belts
58205,Belts
58206,Belts
58207,Belts
58208,Belts
58209,Patiala
58210,Jeans
58211,Shorts
58212,Patiala
58213,Shorts
58214,Patiala
58215,Shorts
58216,Shorts
58218,Jeans
58220,Shorts
58222,Jeans
58225,Tshirts
58226,Sports Sandals
58227,Sports Sandals
58229,Flip Flops
58231,Flip Flops
58232,Flip Flops
58233,Wallets
58234,Wallets
58235,Messenger Bag
58236,Shorts
58237,Wallets
58238,Wallets
58239,Wallets
58240,Clutches
58241,Wallets
58242,Wallets
58243,Wallets
58244,Wallets
58245,Wallets
58246,Wallets
58247,Wallets
58248,Wallets
58249,Wallets
58250,Wallets
58251,Wallets
58252,Wallets
58253,Clutches
58254,Messenger Bag
58255,Clutches
58256,Wallets
58257,Wallets
58258,Wallets
58259,Messenger Bag
58260,Mobile Pouch
58261,Wallets
58262,Wallets
58263,Wallets
58264,Handbags
58265,Handbags
58266,Handbags
58267,Handbags
58268,Handbags
58269,Handbags
58270,Clutches
58271,Handbags
58272,Mobile Pouch
58273,Handbags
58274,Handbags
58275,Backpacks
58276,Handbags
58277,Messenger Bag
58278,Handbags
58279,Handbags
58280,Handbags
58281,Backpacks
58282,Backpacks
58283,Clutches
58284,Clutches
58286,Briefs
58291,Socks
58292,Socks
58293,Socks
58294,Socks
58295,Socks
58296,Socks
58297,Socks
58298,Watches
58299,Socks
58300,Socks
58301,Shirts
58304,Socks
58305,Socks
58306,Socks
58307,Socks
58308,Socks
58309,Socks
58310,Socks
58311,Socks
58312,Free Gifts
58313,Capris
58314,Capris
58315,Capris
58316,Capris
58317,Capris
58318,Capris
58319,Capris
58320,Capris
58321,Capris
58322,Capris
58323,Socks
58324,Flip Flops
58325,Flip Flops
58326,Flip Flops
58327,Flip Flops
58328,Flip Flops
58329,Flip Flops
58330,Flip Flops
58331,Flip Flops
58332,Flip Flops
58333,Flip Flops
58334,Flip Flops
58335,Flip Flops
58336,Flip Flops
58337,Flip Flops
58338,Flip Flops
58339,Flip Flops
58340,Flip Flops
58349,Tshirts
58351,Tshirts
58357,Tshirts
58358,Tshirts
58372,Tshirts
58375,Tshirts
58381,Tshirts
58385,Tshirts
58394,Tshirts
58395,Tshirts
58411,Jeans
58418,Jeans
58425,Sarees
58439,Socks
58444,Watches
58445,Watches
58446,Tops
58447,Watches
58448,Watches
58449,Watches
58450,Watches
58451,Watches
58452,Watches
58453,Watches
58454,Watches
58455,Watches
58456,Watches
58458,Tshirts
58459,Lipstick
58460,Trunk
58463,Belts
58464,Belts
58465,Belts
58466,Belts
58467,Belts
58468,Belts
58470,Messenger Bag
58471,Wallets
58472,Wallets
58473,Wallets
58474,Messenger Bag
58475,Wallets
58476,Wallets
58477,Wallets
58478,Wallets
58479,Wallets
58480,Wallets
58481,Wallets
58482,Wallets
58483,Wallets
58484,Wallets
58485,Wallets
58486,Wallets
58487,Wallets
58488,Duffel Bag
58489,Tunics
58490,Tshirts
58491,Shorts
58492,Tunics
58493,Tshirts
58494,Sarees
58495,Tshirts
58496,Shirts
58497,Tops
58498,Tshirts
58499,Shirts
58500,Shirts
58501,Night suits
58502,Dresses
58503,Tunics
58504,Tshirts
58505,Shirts
58506,Kurta Sets
58507,Tshirts
58508,Tshirts
58509,Dresses
58510,Shirts
58511,Shirts
58512,Shirts
58513,Shirts
58514,Tshirts
58515,Tshirts
58516,Tshirts
58517,Tshirts
58518,Tshirts
58519,Kajal and Eyeliner
58520,Tops
58521,Socks
58522,Backpacks
58523,Mobile Pouch
58524,Mobile Pouch
58525,Mobile Pouch
58526,Shirts
58527,Sunglasses
58528,Sunglasses
58529,Sunglasses
58530,Sunglasses
58531,Sunglasses
58532,Sunglasses
58533,Sunglasses
58534,Sunglasses
58535,Sunglasses
58536,Sunglasses
58537,Sunglasses
58538,Sunglasses
58539,Sunglasses
58540,Sunglasses
58541,Sunglasses
58542,Sunglasses
58543,Sunglasses
58544,Sunglasses
58545,Sunglasses
58546,Sunglasses
58547,Sunglasses
58548,Sunglasses
58549,Sunglasses
58550,Sunglasses
58551,Sunglasses
58552,Sunglasses
58553,Sunglasses
58555,Formal Shoes
58559,Tshirts
58560,Jeans
58561,Jeans
58562,Jeans
58563,Shirts
58565,Tshirts
58566,Tshirts
58567,Stockings
58569,Tshirts
58570,Tshirts
58571,Shorts
58573,Tshirts
58574,Tshirts
58576,Tshirts
58577,Tshirts
58581,Lipstick
58586,Lip Liner
58588,Earrings
58589,Necklace and Chains
58590,Necklace and Chains
58591,Necklace and Chains
58600,Earrings
58603,Earrings
58605,Earrings
58606,Earrings
58607,Earrings
58608,Earrings
58609,Earrings
58610,Earrings
58611,Earrings
58612,Earrings
58614,Earrings
58615,Earrings
58616,Earrings
58618,Earrings
58619,Earrings
58620,Earrings
58621,Earrings
58622,Messenger Bag
58624,Caps
58625,Flip Flops
58626,Flip Flops
58627,Sports Shoes
58628,Trunk
58629,Bangle
58634,Tshirts
58635,Suspenders
58636,Socks
58637,Socks
58638,Socks
58639,Socks
58640,Socks
58641,Socks
58642,Socks
58643,Tunics
58644,Shirts
58645,Tops
58646,Tshirts
58647,Tops
58648,Tshirts
58652,Tops
58653,Tunics
58654,Tunics
58655,Tunics
58656,Tunics
58657,Tunics
58658,Kurtas
58659,Tunics
58660,Stoles
58661,Tunics
58662,Stoles
58663,Blazers
58664,Tunics
58666,Tunics
58667,Tunics
58668,Shirts
58669,Dupatta
58670,Sarees
58671,Kurtas
58672,Tunics
58673,Shirts
58674,Dupatta
58675,Dupatta
58676,Tunics
58677,Tshirts
58678,Shirts
58680,Night suits
58681,Tshirts
58682,Tunics
58683,Dupatta
58684,Tunics
58685,Sarees
58686,Tshirts
58687,Shirts
58689,Kurtas
58690,Stoles
58691,Tunics
58692,Tunics
58693,Tunics
58694,Tunics
58695,Dupatta
58696,Tunics
58698,Tshirts
58700,Tunics
58701,Tunics
58702,Shirts
58703,Shirts
58718,Tunics
58719,Dupatta
58720,Tshirts
58722,Tshirts
58723,Tshirts
58724,Tshirts
58725,Tshirts
58726,Tshirts
58727,Tshirts
58728,Tshirts
58729,Tshirts
58730,Tshirts
58731,Tshirts
58732,Tshirts
58734,Tshirts
58735,Tshirts
58736,Lounge Shorts
58737,Tshirts
58738,Tshirts
58740,Shirts
58741,Tshirts
58742,Tshirts
58743,Shirts
58744,Tshirts
58745,Tshirts
58765,Shirts
58770,Shirts
58793,Shirts
58794,Shirts
58795,Shirts
58796,Shirts
58797,Shirts
58798,Shirts
58800,Shirts
58801,Shirts
58802,Shirts
58805,Shirts
58807,Tshirts
58808,Shirts
58809,Shirts
58810,Shirts
58815,Flip Flops
58816,Sports Sandals
58817,Casual Shoes
58818,Formal Shoes
58819,Heels
58820,Sports Sandals
58821,Watches
58822,Watches
58823,Watches
58825,Socks
58827,Watches
58828,Watches
58829,Pendant
58830,Socks
58831,Watches
58832,Watches
58833,Cufflinks
58834,Cufflinks
58835,Cufflinks
58836,Cufflinks
58837,Cufflinks
58838,Cufflinks
58839,Cufflinks
58840,Cufflinks
58841,Cufflinks
58842,Cufflinks
58843,Flip Flops
58844,Cufflinks
58845,Cufflinks
58846,Cufflinks
58847,Cufflinks
58848,Bangle
58849,Cufflinks
58850,Cufflinks
58851,Cufflinks
58852,Flip Flops
58853,Cufflinks
58854,Cufflinks
58855,Earrings
58856,Cufflinks
58857,Flip Flops
58858,Cufflinks
58859,Cufflinks
58860,Cufflinks
58861,Cufflinks
58862,Earrings
58863,Cufflinks
58864,Cufflinks
58865,Cufflinks
58867,Earrings
58868,Earrings
58869,Cufflinks
58870,Cufflinks
58871,Cufflinks
58872,Ties
58873,Ties
58874,Ties
58875,Ties
58876,Ties
58877,Ties
58878,Ties
58879,Ties
58880,Earrings
58881,Ties
58882,Ties
58883,Ties
58884,Perfume and Body Mist
58885,Ties
58886,Deodorant
58887,Earrings
58888,Kajal and Eyeliner
58889,Kajal and Eyeliner
58890,Ties
58891,Deodorant
58892,Ties
58893,Ties
58894,Ties
58895,Ties
58896,Ties
58897,Ties
58898,Ties
58899,Ties
58900,Ties
58901,Ties
58902,Capris
58903,Ties
58904,Ties
58905,Ties
58906,Ties
58907,Ties
58908,Ties
58909,Ties
58910,Ties
58911,Ties
58912,Ties
58913,Ties
58914,Ties
58915,Ties
58916,Ties
58917,Ties
58918,Ties
58919,Ties
58920,Messenger Bag
58921,Messenger Bag
58922,Messenger Bag
58923,Messenger Bag
58924,Messenger Bag
58925,Mobile Pouch
58926,Shirts
58928,Messenger Bag
58931,Clutches
58932,Clutches
58934,Watches
58935,Watches
58937,Watches
58939,Watches
58940,Watches
58941,Watches
58942,Shirts
58943,Perfume and Body Mist
58944,Perfume and Body Mist
58945,Perfume and Body Mist
58946,Deodorant
58947,Deodorant
58948,Deodorant
58949,Deodorant
58950,Deodorant
58951,Deodorant
58952,Deodorant
58954,Deodorant
58955,Deodorant
58956,Deodorant
58958,Deodorant
58959,Deodorant
58960,Deodorant
58961,Deodorant
58962,Perfume and Body Mist
58963,Deodorant
58964,Deodorant
58965,Perfume and Body Mist
58966,Earrings
58967,Deodorant
58968,Perfume and Body Mist
58969,Deodorant
58970,Deodorant
58971,Deodorant
58972,Deodorant
58973,Perfume and Body Mist
58974,Deodorant
58975,Deodorant
58976,Deodorant
58977,Lipstick
58978,Deodorant
58979,Deodorant
58980,Deodorant
58981,Deodorant
58982,Deodorant
58983,Deodorant
58984,Deodorant
58985,Deodorant
58986,Deodorant
58987,Deodorant
58988,Deodorant
58989,Deodorant
58990,Perfume and Body Mist
58991,Deodorant
58992,Deodorant
59002,Deodorant
59003,Deodorant
59004,Deodorant
59005,Deodorant
59006,Deodorant
59008,Sports Shoes
59010,Sports Shoes
59011,Sports Shoes
59012,Sports Shoes
59013,Sports Shoes
59014,Sports Shoes
59015,Sports Shoes
59016,Sports Shoes
59017,Flip Flops
59018,Lipstick
59019,Bangle
59020,Heels
59021,Flip Flops
59022,Heels
59023,Flip Flops
59024,Flip Flops
59025,Lipstick
59026,Heels
59027,Heels
59028,Heels
59029,Heels
59030,Messenger Bag
59031,Heels
59032,Heels
59033,Sports Sandals
59034,Sports Shoes
59035,Sports Shoes
59036,Flip Flops
59037,Bangle
59038,Flip Flops
59039,Flip Flops
59040,Flip Flops
59042,Bangle
59043,Heels
59044,Sports Sandals
59045,Sports Shoes
59046,Handbags
59047,Duffel Bag
59048,Heels
59049,Messenger Bag
59050,Handbags
59051,Sports Sandals
59052,Sports Sandals
59053,Handbags
59054,Messenger Bag
59055,Sports Sandals
59056,Cufflinks
59058,Tops
59059,Shirts
59060,Shirts
59061,Sarees
59062,Kurtas
59063,Kurtas
59064,Bra
59065,Bra
59066,Bra
59067,Bra
59068,Bra
59069,Bra
59070,Bra
59071,Bra
59072,Bra
59073,Bra
59074,Briefs
59075,Bra
59076,Bra
59077,Bra
59078,Briefs
59079,Briefs
59080,Briefs
59081,Bra
59082,Bra
59083,Bra
59084,Briefs
59085,Briefs
59086,Briefs
59087,Bra
59088,Bra
59089,Briefs
59090,Bra
59091,Bra
59092,Bra
59093,Bra
59094,Bra
59095,Bra
59096,Bra
59097,Bra
59098,Bra
59099,Briefs
59100,Briefs
59101,Briefs
59102,Shirts
59103,Jackets
59104,Shirts
59105,Tshirts
59106,Shirts
59112,Shirts
59115,Sweatshirts
59116,Jackets
59117,Shirts
59118,Jackets
59119,Jackets
59120,Jackets
59121,Jackets
59122,Jackets
59123,Sweaters
59124,Shirts
59126,Tshirts
59127,Jackets
59128,Jackets
59129,Tshirts
59130,Jackets
59131,Shirts
59132,Shirts
59133,Blazers
59142,Flats
59143,Sports Sandals
59144,Sports Sandals
59145,Sports Sandals
59146,Sports Sandals
59147,Flats
59149,Formal Shoes
59160,Formal Shoes
59161,Formal Shoes
59165,Flip Flops
59166,Formal Shoes
59167,Formal Shoes
59172,Formal Shoes
59173,Formal Shoes
59174,Formal Shoes
59175,Sports Sandals
59176,Casual Shoes
59177,Formal Shoes
59178,Formal Shoes
59181,Formal Shoes
59185,Sports Shoes
59187,Bangle
59188,Bangle
59190,Flip Flops
59212,Heels
59213,Watches
59214,Watches
59215,Watches
59216,Watches
59217,Watches
59218,Deodorant
59219,Watches
59220,Skirts
59221,Fragrance Gift Set
59222,Lipstick
59223,Fragrance Gift Set
59224,Shirts
59225,Socks
59226,Capris
59227,Perfume and Body Mist
59228,Sarees
59229,Socks
59230,Watches
59231,Watches
59232,Watches
59233,Shirts
59235,Watches
59236,Watches
59237,Watches
59238,Watches
59239,Watches
59240,Watches
59241,Watches
59242,Watches
59243,Watches
59244,Watches
59245,Watches
59246,Watches
59247,Watches
59248,Watches
59249,Watches
59250,Watches
59251,Watches
59252,Watches
59253,Watches
59254,Watches
59255,Watches
59256,Watches
59257,Perfume and Body Mist
59258,Lipstick
59259,Watches
59260,Shirts
59261,Lip Liner
59262,Watches
59263,Shirts
59264,Watches
59265,Lip Liner
59266,Socks
59267,Watches
59268,Tunics
59269,Jeans
59270,Watches
59271,Watches
59272,Watches
59273,Pendant
59274,Tshirts
59275,Watches
59276,Watches
59277,Watches
59278,Watches
59279,Pendant
59280,Deodorant
59281,Watches
59282,Gloves
59283,Watches
59284,Watches
59286,Pendant
59287,Pendant
59290,Socks
59291,Free Gifts
59292,Socks
59293,Socks
59294,Shirts
59295,Shirts
59296,Shirts
59297,Shirts
59298,Shirts
59299,Shirts
59300,Shirts
59301,Tshirts
59302,Tshirts
59303,Shirts
59304,Shirts
59305,Shirts
59306,Tshirts
59311,Sports Sandals
59312,Sports Sandals
59315,Sports Shoes
59323,Sports Sandals
59324,Sports Sandals
59326,Formal Shoes
59329,Sports Sandals
59330,Sports Shoes
59338,Formal Shoes
59342,Formal Shoes
59349,Sports Sandals
59352,Tunics
59353,Tunics
59354,Shirts
59355,Tunics
59356,Tunics
59357,Kurtas
59358,Tops
59359,Tops
59360,Shirts
59361,Tunics
59362,Shirts
59363,Tunics
59364,Kurtas
59365,Tunics
59366,Tunics
59367,Tunics
59368,Kurtas
59369,Stoles
59370,Shirts
59371,Shirts
59372,Shirts
59373,Night suits
59374,Kurtas
59375,Shirts
59376,Sarees
59377,Shirts
59378,Kurtas
59379,Tunics
59380,Tunics
59381,Kurtas
59382,Kurtas
59383,Kurtas
59387,Flats
59388,Sports Sandals
59390,Formal Shoes
59396,Sports Shoes
59399,Tunics
59400,Kurtas
59403,Kurtas
59404,Tops
59405,Tshirts
59407,Tunics
59410,Tshirts
59413,Tshirts
59418,Tops
59421,Tops
59422,Tshirts
59428,Shorts
59430,Handbags
59432,Handbags
59433,Clutches
59435,Formal Shoes
59436,Heels
59437,Heels
59439,Shirts
59440,Shirts
59441,Shirts
59442,Shirts
59443,Shirts
59444,Shirts
59445,Shirts
59446,Shirts
59448,Shirts
59451,Shirts
59452,Shirts
59453,Shirts
59454,Shirts
59455,Lipstick
59456,Lipstick
59457,Lipstick
59458,Cufflinks
59459,Bangle
59460,Earrings
59461,Earrings
59462,Cufflinks
59463,Bangle
59464,Earrings
59465,Deodorant
59466,Cufflinks
59467,Deodorant
59468,Ring
59469,Capris
59470,Earrings
59471,Capris
59474,Earrings
59481,Earrings
59484,Earrings
59498,Earrings
59499,Necklace and Chains
59501,Earrings
59502,Earrings
59503,Earrings
59504,Kajal and Eyeliner
59505,Earrings
59507,Necklace and Chains
59508,Earrings
59509,Kajal and Eyeliner
59510,Earrings
59511,Earrings
59512,Bra
59513,Kajal and Eyeliner
59514,Kajal and Eyeliner
59515,Kajal and Eyeliner
59516,Necklace and Chains
59518,Kajal and Eyeliner
59519,Suspenders
59520,Earrings
59521,Earrings
59522,Earrings
59523,Earrings
59524,Kajal and Eyeliner
59525,Earrings
59526,Earrings
59527,Earrings
59528,Earrings
59529,Earrings
59530,Earrings
59531,Earrings
59532,Earrings
59533,Earrings
59534,Earrings
59535,Earrings
59537,Earrings
59541,Earrings
59543,Earrings
59544,Earrings
59545,Earrings
59546,Earrings
59547,Earrings
59550,Earrings
59551,Perfume and Body Mist
59552,Bracelet
59553,Earrings
59554,Earrings
59555,Bangle
59556,Bracelet
59557,Bracelet
59558,Earrings
59559,Bangle
59560,Bangle
59561,Capris
59563,Cufflinks
59564,Cufflinks
59565,Cufflinks
59566,Cufflinks
59567,Bracelet
59568,Cufflinks
59569,Cufflinks
59570,Cufflinks
59571,Cufflinks
59572,Earrings
59573,Cufflinks
59574,Cufflinks
59575,Cufflinks
59576,Cufflinks
59577,Cufflinks
59578,Capris
59579,Cufflinks
59580,Cufflinks
59581,Cufflinks
59582,Cufflinks
59583,Headband
59584,Cufflinks
59585,Flip Flops
59586,Cufflinks
59587,Earrings
59589,Sarees
59590,Sarees
59591,Sarees
59592,Sarees
59593,Sarees
59594,Sarees
59595,Sarees
59596,Sarees
59597,Sarees
59598,Sarees
59599,Sarees
59600,Sarees
59601,Sarees
59603,Sarees
59604,Sarees
59606,Sarees
59607,Sarees
59608,Sarees
59609,Sarees
59610,Sarees
59611,Sarees
59612,Sarees
59613,Sarees
59614,Sarees
59615,Sarees
59616,Sarees
59618,Sarees
59619,Sarees
59620,Sarees
59621,Sarees
59622,Sarees
59623,Night suits
59624,Sarees
59625,Sarees
59626,Sarees
59628,Sarees
59630,Sarees
59631,Sarees
59632,Sarees
59633,Sarees
59634,Sarees
59635,Sarees
59636,Shirts
59637,Sarees
59638,Sarees
59639,Sarees
59640,Sarees
59641,Shorts
59642,Sarees
59643,Sarees
59644,Sarees
59645,Sarees
59646,Sarees
59647,Sarees
59648,Sarees
59649,Sarees
59650,Sarees
59651,Sarees
59652,Sarees
59653,Sarees
59654,Sarees
59655,Sarees
59656,Sarees
59657,Sarees
59658,Sarees
59659,Sarees
59660,Sarees
59661,Sarees
59662,Lipstick
59663,Sarees
59664,Sarees
59665,Sarees
59666,Sarees
59667,Sarees
59668,Sarees
59669,Sarees
59670,Sarees
59672,Sarees
59673,Sarees
59674,Sarees
59675,Flip Flops
59676,Flats
59677,Briefs
59678,Briefs
59679,Briefs
59680,Briefs
59681,Briefs
59682,Briefs
59683,Briefs
59684,Briefs
59685,Briefs
59686,Briefs
59687,Briefs
59688,Briefs
59689,Bra
59690,Bra
59691,Bra
59692,Bra
59693,Bra
59694,Briefs
59695,Briefs
59696,Briefs
59697,Tops
59698,Tshirts
59699,Bra
59700,Bra
59701,Briefs
59702,Tshirts
59703,Boxers
59704,Boxers
59705,Bra
59706,Bra
59707,Briefs
59708,Briefs
59709,Briefs
59710,Briefs
59711,Briefs
59712,Tshirts
59713,Boxers
59714,Tshirts
59715,Bra
59716,Swimwear
59717,Bra
59718,Bra
59719,Bra
59720,Bra
59721,Bra
59722,Briefs
59723,Bra
59724,Bra
59725,Bra
59726,Bra
59727,Bra
59728,Bra
59729,Bra
59730,Tshirts
59731,Bra
59732,Tshirts
59733,Bra
59734,Briefs
59735,Briefs
59736,Briefs
59739,Bra
59740,Bra
59741,Bra
59742,Briefs
59743,Briefs
59744,Tshirts
59745,Innerwear Vests
59746,Dupatta
59747,Lipstick
59748,Night suits
59749,Night suits
59750,Briefs
59751,Briefs
59752,Briefs
59753,Briefs
59754,Tshirts
59755,Briefs
59756,Swimwear
59757,Flip Flops
59758,Flip Flops
59759,Flip Flops
59760,Flats
59761,Heels
59762,Flip Flops
59763,Flip Flops
59764,Flip Flops
59765,Earrings
59766,Earrings
59767,Earrings
59768,Necklace and Chains
59769,Earrings
59770,Earrings
59771,Earrings
59772,Earrings
59773,Jewellery Set
59774,Necklace and Chains
59775,Bracelet
59776,Bracelet
59777,Bracelet
59778,Bracelet
59779,Bangle
59780,Bangle
59781,Bracelet
59782,Bracelet
59783,Bangle
59784,Bracelet
59794,Dupatta
59795,Tunics
59796,Tshirts
59797,Tshirts
59810,Tshirts
59811,Dupatta
59813,Trousers
59814,Jeans
59819,Shirts
59824,Shirts
59826,Shirts
59827,Shirts
59832,Shirts
59833,Shirts
59834,Tshirts
59838,Tshirts
59839,Fragrance Gift Set
59851,Capris
59853,Shorts
59856,Tshirts
59858,Perfume and Body Mist
59859,Deodorant
59860,Shorts
59862,Fragrance Gift Set
59863,Gloves
59866,Perfume and Body Mist
59872,Shirts
59873,Shorts
59874,Shirts
59875,Shirts
59876,Sarees
59877,Stockings
59878,Stockings
59879,Jeans
59880,Jeans
59881,Stockings
59882,Tshirts
59883,Tops
59884,Tshirts
59885,Tops
59886,Tops
59887,Tops
59888,Tops
59889,Tshirts
59890,Tshirts
59891,Shirts
59892,Shirts
59893,Shirts
59894,Tshirts
59895,Tunics
59896,Sarees
59897,Sarees
59898,Tshirts
59900,Scarves
59901,Sweaters
59902,Shirts
59903,Shirts
59904,Shirts
59905,Shirts
59906,Shirts
59907,Shirts
59908,Kurta Sets
59909,Kurta Sets
59910,Kurtas
59911,Shirts
59912,Shirts
59914,Tshirts
59915,Shirts
59916,Shirts
59917,Tshirts
59918,Waistcoat
59919,Dresses
59920,Dresses
59921,Kurtas
59922,Kurtas
59923,Kurtas
59924,Shirts
59925,Kurtas
59926,Shirts
59927,Tshirts
59928,Shirts
59929,Shirts
59930,Tunics
59931,Kurtas
59932,Shirts
59933,Kurtas
59934,Dresses
59935,Sports Shoes
59936,Sports Shoes
59937,Sports Shoes
59938,Casual Shoes
59939,Sports Shoes
59940,Casual Shoes
59941,Casual Shoes
59942,Casual Shoes
59943,Sports Shoes
59944,Sports Shoes
59945,Sports Shoes
59946,Perfume and Body Mist
59947,Perfume and Body Mist
59948,Deodorant
59949,Deodorant
59950,Deodorant
59951,Deodorant
59961,Deodorant
59962,Deodorant
59963,Dupatta
59964,Dresses
59965,Blazers
59966,Tops
59967,Kurtas
59968,Dresses
59969,Tshirts
59970,Shirts
59971,Dupatta
59972,Tshirts
59973,Dresses
59974,Dupatta
59975,Tshirts
59976,Tshirts
59977,Dresses
59978,Dupatta
59979,Shirts
59980,Tops
59981,Dupatta
59982,Tops
59983,Dresses
59984,Night suits
59985,Dupatta
59986,Dresses
59987,Blazers
59988,Tshirts
59989,Night suits
59990,Tshirts
59991,Dresses
59992,Shirts
59993,Tshirts
59994,Dresses
59995,Tshirts
59996,Blazers
59998,Duffel Bag
59999,Heels
60000,Kurtas
